timestamp,total_irradiance_wm2,power_mw,anomaly_type
2019-01-04 13:00:00,450.0,20.13,功率随辐照度上升而下降
2019-01-08 16:30:00,568.0,24.01,功率随辐照度上升而下降
2019-01-08 17:15:00,297.0,6.27,功率随辐照度上升而下降
2019-01-09 11:45:00,674.0,19.43,功率随辐照度上升而下降
2019-01-09 12:00:00,728.0,17.33,功率随辐照度上升而下降
2019-01-09 12:15:00,759.0,14.87,功率随辐照度上升而下降
2019-01-09 12:30:00,788.0,12.94,功率随辐照度上升而下降
2019-01-09 12:45:00,819.0,11.43,功率随辐照度上升而下降
2019-01-10 13:30:00,911.0,36.36,功率随辐照度上升而下降
2019-01-10 16:15:00,638.0,22.95,功率随辐照度上升而下降
2019-01-10 17:15:00,411.0,11.92,功率随辐照度上升而下降
2019-01-13 12:00:00,800.0,30.54,功率随辐照度上升而下降
2019-01-13 14:30:00,915.0,36.39,功率随辐照度上升而下降
2019-01-14 14:00:00,829.0,35.18,功率随辐照度上升而下降
2019-01-14 14:30:00,832.0,34.4,功率随辐照度上升而下降
2019-01-15 14:45:00,650.0,22.22,功率随辐照度上升而下降
2019-01-15 17:15:00,264.0,9.27,功率随辐照度上升而下降
2019-01-16 13:15:00,656.0,28.15,功率随辐照度上升而下降
2019-01-17 14:00:00,924.0,30.83,功率随辐照度上升而下降
2019-01-22 13:00:00,953.0,38.3,功率随辐照度上升而下降
2019-01-22 13:15:00,979.0,31.66,功率随辐照度上升而下降
2019-01-22 13:30:00,1002.0,27.79,功率随辐照度上升而下降
2019-01-25 17:00:00,485.0,16.34,功率随辐照度上升而下降
2019-01-26 15:30:00,839.0,35.29,功率随辐照度上升而下降
2019-01-26 16:45:00,593.0,20.46,功率随辐照度上升而下降
2019-01-27 12:30:00,736.0,23.85,功率随辐照度上升而下降
2019-01-27 12:45:00,789.0,19.15,功率随辐照度上升而下降
2019-01-27 13:45:00,906.0,11.45,功率随辐照度上升而下降
2019-01-27 14:30:00,880.0,10.38,功率随辐照度上升而下降
2019-01-28 12:30:00,482.0,20.03,功率随辐照度上升而下降
2019-01-28 12:45:00,562.0,15.73,功率随辐照度上升而下降
2019-01-29 11:30:00,545.0,15.93,功率随辐照度上升而下降
2019-01-29 17:15:00,345.0,12.33,功率随辐照度上升而下降
2019-02-02 13:45:00,837.0,21.24,功率随辐照度上升而下降
2019-02-02 14:00:00,908.0,20.09,功率随辐照度上升而下降
2019-02-02 16:15:00,428.0,17.09,功率随辐照度上升而下降
2019-02-04 12:00:00,635.0,20.41,功率随辐照度上升而下降
2019-02-04 12:45:00,768.0,17.17,功率随辐照度上升而下降
2019-02-04 13:15:00,810.0,14.87,功率随辐照度上升而下降
2019-02-05 13:00:00,579.0,17.46,功率随辐照度上升而下降
2019-02-05 14:00:00,555.0,13.71,功率随辐照度上升而下降
2019-02-06 12:15:00,604.0,14.03,功率随辐照度上升而下降
2019-02-06 12:45:00,806.0,8.88,功率随辐照度上升而下降
2019-02-06 14:00:00,716.0,9.39,功率随辐照度上升而下降
2019-02-07 11:45:00,631.0,23.28,功率随辐照度上升而下降
2019-02-07 12:15:00,475.0,18.99,功率随辐照度上升而下降
2019-02-07 13:00:00,939.0,15.66,功率随辐照度上升而下降
2019-02-07 13:15:00,1021.0,12.82,功率随辐照度上升而下降
2019-02-07 13:30:00,1042.0,11.98,功率随辐照度上升而下降
2019-02-08 13:00:00,915.0,34.11,功率随辐照度上升而下降
2019-02-09 14:45:00,455.0,20.45,功率随辐照度上升而下降
2019-02-10 14:15:00,972.0,37.79,功率随辐照度上升而下降
2019-02-12 13:00:00,835.0,33.46,功率随辐照度上升而下降
2019-02-13 15:45:00,495.0,15.75,功率随辐照度上升而下降
2019-02-13 17:00:00,141.0,4.87,功率随辐照度上升而下降
2019-02-15 11:45:00,922.0,33.54,功率随辐照度上升而下降
2019-02-15 12:15:00,986.0,29.72,功率随辐照度上升而下降
2019-02-15 12:30:00,1011.0,26.51,功率随辐照度上升而下降
2019-02-15 12:45:00,1053.0,24.88,功率随辐照度上升而下降
2019-02-15 13:45:00,1091.0,26.03,功率随辐照度上升而下降
2019-02-16 11:45:00,916.0,33.91,功率随辐照度上升而下降
2019-02-16 13:15:00,819.0,29.15,功率随辐照度上升而下降
2019-02-16 14:15:00,1185.0,36.45,功率随辐照度上升而下降
2019-02-16 15:00:00,690.0,22.73,功率随辐照度上升而下降
2019-02-16 16:45:00,436.0,14.77,功率随辐照度上升而下降
2019-02-16 17:45:00,404.0,15.87,功率随辐照度上升而下降
2019-02-17 14:15:00,1119.0,36.15,功率随辐照度上升而下降
2019-02-19 13:45:00,1116.0,39.41,功率随辐照度上升而下降
2019-02-20 13:00:00,1096.0,34.14,功率随辐照度上升而下降
2019-02-20 15:30:00,948.0,37.05,功率随辐照度上升而下降
2019-02-22 16:00:00,449.0,16.57,功率随辐照度上升而下降
2019-02-24 12:30:00,860.0,31.23,功率随辐照度上升而下降
2019-02-24 15:15:00,883.0,32.22,功率随辐照度上升而下降
2019-02-27 17:00:00,725.0,28.48,功率随辐照度上升而下降
2019-03-02 11:30:00,737.0,30.13,功率随辐照度上升而下降
2019-03-04 18:00:00,302.0,7.32,功率随辐照度上升而下降
2019-03-07 19:15:00,100.0,1.06,功率随辐照度上升而下降
2019-03-08 12:45:00,1001.0,34.15,功率随辐照度上升而下降
2019-03-10 11:15:00,862.0,33.25,功率随辐照度上升而下降
2019-03-12 10:45:00,777.0,29.92,功率随辐照度上升而下降
2019-03-12 11:00:00,832.0,28.64,功率随辐照度上升而下降
2019-03-12 11:30:00,934.0,26.68,功率随辐照度上升而下降
2019-03-12 11:45:00,963.0,23.03,功率随辐照度上升而下降
2019-03-12 12:15:00,1018.0,20.97,功率随辐照度上升而下降
2019-03-13 10:45:00,763.0,28.72,功率随辐照度上升而下降
2019-03-13 15:15:00,716.0,30.56,功率随辐照度上升而下降
2019-03-16 14:00:00,1139.0,39.5,功率随辐照度上升而下降
2019-03-18 12:00:00,900.0,32.28,功率随辐照度上升而下降
2019-03-18 13:30:00,1002.0,33.55,功率随辐照度上升而下降
2019-03-19 13:00:00,1081.0,28.7,功率随辐照度上升而下降
2019-03-19 13:30:00,1134.0,26.63,功率随辐照度上升而下降
2019-03-22 12:15:00,983.0,30.94,功率随辐照度上升而下降
2019-03-23 15:15:00,1039.0,40.09,功率随辐照度上升而下降
2019-03-25 15:45:00,817.0,22.99,功率随辐照度上升而下降
2019-03-26 11:00:00,494.0,16.89,功率随辐照度上升而下降
2019-03-26 12:15:00,886.0,22.64,功率随辐照度上升而下降
2019-03-26 12:30:00,1013.0,22.05,功率随辐照度上升而下降
2019-03-27 11:30:00,922.0,28.07,功率随辐照度上升而下降
2019-03-27 12:00:00,969.0,19.17,功率随辐照度上升而下降
2019-03-28 10:45:00,753.0,23.79,功率随辐照度上升而下降
2019-03-30 12:45:00,1055.0,34.49,功率随辐照度上升而下降
2019-03-30 13:15:00,1110.0,33.66,功率随辐照度上升而下降
2019-03-31 16:15:00,847.0,34.3,功率随辐照度上升而下降
2019-03-31 16:30:00,927.0,31.64,功率随辐照度上升而下降
2019-04-01 11:30:00,743.0,22.05,功率随辐照度上升而下降
2019-04-01 13:30:00,1152.0,35.97,功率随辐照度上升而下降
2019-04-01 15:30:00,861.0,29.02,功率随辐照度上升而下降
2019-04-02 11:45:00,909.0,34.86,功率随辐照度上升而下降
2019-04-02 15:00:00,909.0,32.76,功率随辐照度上升而下降
2019-04-05 10:45:00,649.0,19.85,功率随辐照度上升而下降
2019-04-06 13:00:00,1073.0,41.05,功率随辐照度上升而下降
2019-04-06 17:15:00,588.0,19.32,功率随辐照度上升而下降
2019-04-07 14:00:00,537.0,16.34,功率随辐照度上升而下降
2019-04-08 10:30:00,698.0,24.46,功率随辐照度上升而下降
2019-04-08 17:45:00,580.0,22.27,功率随辐照度上升而下降
2019-04-08 18:30:00,241.0,9.3,功率随辐照度上升而下降
2019-04-09 10:45:00,839.0,30.34,功率随辐照度上升而下降
2019-04-09 13:00:00,1087.0,34.48,功率随辐照度上升而下降
2019-04-09 14:00:00,1203.0,18.17,功率随辐照度上升而下降
2019-04-11 14:15:00,961.0,31.34,功率随辐照度上升而下降
2019-04-11 15:15:00,915.0,30.94,功率随辐照度上升而下降
2019-04-11 15:30:00,947.0,29.6,功率随辐照度上升而下降
2019-04-11 16:00:00,535.0,22.16,功率随辐照度上升而下降
2019-04-12 12:15:00,1018.0,20.91,功率随辐照度上升而下降
2019-04-12 16:00:00,276.0,18.63,功率随辐照度上升而下降
2019-04-12 18:45:00,177.0,5.1,功率随辐照度上升而下降
2019-04-13 09:15:00,468.0,16.4,功率随辐照度上升而下降
2019-04-13 14:00:00,1147.0,37.53,功率随辐照度上升而下降
2019-04-13 14:30:00,1153.0,41.41,功率随辐照度上升而下降
2019-04-14 11:00:00,965.0,15.75,功率随辐照度上升而下降
2019-04-14 13:00:00,1094.0,31.95,功率随辐照度上升而下降
2019-04-16 14:00:00,1111.0,38.63,功率随辐照度上升而下降
2019-04-16 14:30:00,1102.0,27.85,功率随辐照度上升而下降
2019-04-16 16:30:00,802.0,24.85,功率随辐照度上升而下降
2019-04-17 11:30:00,917.0,36.48,功率随辐照度上升而下降
2019-04-17 16:00:00,917.0,26.64,功率随辐照度上升而下降
2019-04-18 12:00:00,988.0,36.12,功率随辐照度上升而下降
2019-04-18 13:30:00,933.0,40.7,功率随辐照度上升而下降
2019-04-18 14:00:00,1006.0,40.35,功率随辐照度上升而下降
2019-04-18 16:00:00,861.0,33.18,功率随辐照度上升而下降
2019-04-18 17:00:00,752.0,26.51,功率随辐照度上升而下降
2019-04-18 18:30:00,297.0,10.23,功率随辐照度上升而下降
2019-04-19 12:30:00,945.0,30.72,功率随辐照度上升而下降
2019-04-19 15:30:00,881.0,32.83,功率随辐照度上升而下降
2019-04-19 16:45:00,643.0,20.84,功率随辐照度上升而下降
2019-04-22 12:15:00,931.0,33.65,功率随辐照度上升而下降
2019-04-23 15:45:00,418.0,17.4,功率随辐照度上升而下降
2019-04-25 12:00:00,703.0,26.57,功率随辐照度上升而下降
2019-04-25 16:45:00,471.0,20.22,功率随辐照度上升而下降
2019-04-25 17:15:00,717.0,20.1,功率随辐照度上升而下降
2019-04-25 18:15:00,355.0,12.54,功率随辐照度上升而下降
2019-04-26 12:30:00,979.0,30.24,功率随辐照度上升而下降
2019-04-27 10:30:00,761.0,23.49,功率随辐照度上升而下降
2019-04-27 14:30:00,1080.0,29.33,功率随辐照度上升而下降
2019-04-28 11:45:00,939.0,32.67,功率随辐照度上升而下降
2019-04-28 12:45:00,1142.0,38.02,功率随辐照度上升而下降
2019-04-30 14:00:00,1093.0,27.83,功率随辐照度上升而下降
2019-05-02 12:30:00,996.0,40.61,功率随辐照度上升而下降
2019-05-03 13:30:00,1047.0,41.42,功率随辐照度上升而下降
2019-05-03 14:00:00,1000.0,40.53,功率随辐照度上升而下降
2019-05-03 16:00:00,877.0,32.69,功率随辐照度上升而下降
2019-05-04 10:45:00,807.0,29.8,功率随辐照度上升而下降
2019-05-04 11:15:00,669.0,29.63,功率随辐照度上升而下降
2019-05-05 10:30:00,273.0,13.34,功率随辐照度上升而下降
2019-05-05 12:15:00,928.0,35.56,功率随辐照度上升而下降
2019-05-07 13:15:00,1156.0,31.41,功率随辐照度上升而下降
2019-05-07 13:45:00,633.0,23.28,功率随辐照度上升而下降
2019-05-07 14:30:00,1055.0,25.86,功率随辐照度上升而下降
2019-05-08 13:15:00,976.0,36.29,功率随辐照度上升而下降
2019-05-08 13:30:00,1117.0,34.62,功率随辐照度上升而下降
2019-05-08 15:45:00,231.0,11.18,功率随辐照度上升而下降
2019-05-09 12:30:00,996.0,38.71,功率随辐照度上升而下降
2019-05-09 12:45:00,1038.0,37.49,功率随辐照度上升而下降
2019-05-09 15:30:00,1063.0,26.76,功率随辐照度上升而下降
2019-05-09 19:00:00,200.0,6.4,功率随辐照度上升而下降
2019-05-10 10:00:00,749.0,21.22,功率随辐照度上升而下降
2019-05-10 10:30:00,330.0,11.41,功率随辐照度上升而下降
2019-05-10 11:30:00,930.0,22.13,功率随辐照度上升而下降
2019-05-10 11:45:00,1011.0,14.11,功率随辐照度上升而下降
2019-05-10 14:15:00,1039.0,20.92,功率随辐照度上升而下降
2019-05-10 14:45:00,434.0,17.3,功率随辐照度上升而下降
2019-05-10 15:00:00,463.0,16.43,功率随辐照度上升而下降
2019-05-12 11:00:00,873.0,34.72,功率随辐照度上升而下降
2019-05-12 13:15:00,1154.0,43.29,功率随辐照度上升而下降
2019-05-12 14:15:00,965.0,31.31,功率随辐照度上升而下降
2019-05-13 12:00:00,925.0,36.66,功率随辐照度上升而下降
2019-05-13 13:15:00,1057.0,37.77,功率随辐照度上升而下降
2019-05-13 15:30:00,892.0,25.82,功率随辐照度上升而下降
2019-05-14 11:30:00,1101.0,14.39,功率随辐照度上升而下降
2019-05-14 16:00:00,1050.0,16.58,功率随辐照度上升而下降
2019-05-16 11:15:00,859.0,15.72,功率随辐照度上升而下降
2019-05-16 18:45:00,246.0,7.2,功率随辐照度上升而下降
2019-05-17 09:30:00,537.0,15.72,功率随辐照度上升而下降
2019-05-17 09:45:00,600.0,14.15,功率随辐照度上升而下降
2019-05-17 18:45:00,207.0,8.94,功率随辐照度上升而下降
2019-05-19 10:30:00,803.0,29.33,功率随辐照度上升而下降
2019-05-19 11:30:00,962.0,23.56,功率随辐照度上升而下降
2019-05-19 11:45:00,998.0,21.62,功率随辐照度上升而下降
2019-05-19 13:15:00,1169.0,24.62,功率随辐照度上升而下降
2019-05-20 11:00:00,801.0,21.38,功率随辐照度上升而下降
2019-05-20 14:30:00,1194.0,29.66,功率随辐照度上升而下降
2019-05-21 17:15:00,668.0,23.56,功率随辐照度上升而下降
2019-05-21 17:45:00,543.0,20.49,功率随辐照度上升而下降
2019-05-24 13:00:00,1017.0,25.19,功率随辐照度上升而下降
2019-05-24 16:15:00,509.0,19.92,功率随辐照度上升而下降
2019-05-26 12:30:00,696.0,26.56,功率随辐照度上升而下降
2019-05-26 13:00:00,921.0,25.53,功率随辐照度上升而下降
2019-05-27 11:00:00,961.0,31.82,功率随辐照度上升而下降
2019-05-27 11:45:00,681.0,17.37,功率随辐照度上升而下降
2019-05-27 13:45:00,957.0,36.19,功率随辐照度上升而下降
2019-05-27 14:30:00,873.0,27.66,功率随辐照度上升而下降
2019-05-28 12:45:00,987.0,29.68,功率随辐照度上升而下降
2019-05-28 14:15:00,1057.0,31.85,功率随辐照度上升而下降
2019-05-28 16:00:00,686.0,19.18,功率随辐照度上升而下降
2019-05-29 12:15:00,819.0,24.32,功率随辐照度上升而下降
2019-05-29 13:30:00,1139.0,38.69,功率随辐照度上升而下降
2019-05-29 14:30:00,565.0,29.57,功率随辐照度上升而下降
2019-05-30 11:00:00,324.0,18.67,功率随辐照度上升而下降
2019-05-30 12:00:00,918.0,29.64,功率随辐照度上升而下降
2019-05-30 12:45:00,1028.0,25.89,功率随辐照度上升而下降
2019-05-30 16:15:00,796.0,32.76,功率随辐照度上升而下降
2019-06-01 12:30:00,1017.0,34.62,功率随辐照度上升而下降
2019-06-01 12:45:00,1044.0,29.69,功率随辐照度上升而下降
2019-06-01 13:00:00,1071.0,28.24,功率随辐照度上升而下降
2019-06-02 12:45:00,1026.0,35.61,功率随辐照度上升而下降
2019-06-02 13:00:00,1068.0,31.95,功率随辐照度上升而下降
2019-06-02 13:30:00,1098.0,27.13,功率随辐照度上升而下降
2019-06-02 14:15:00,1117.0,22.44,功率随辐照度上升而下降
2019-06-03 15:30:00,1081.0,36.17,功率随辐照度上升而下降
2019-06-03 16:00:00,929.0,27.39,功率随辐照度上升而下降
2019-06-03 18:30:00,383.0,14.63,功率随辐照度上升而下降
2019-06-04 13:45:00,1083.0,38.29,功率随辐照度上升而下降
2019-06-04 14:15:00,1288.0,26.33,功率随辐照度上升而下降
2019-06-05 12:45:00,1097.0,38.6,功率随辐照度上升而下降
2019-06-05 17:45:00,343.0,13.71,功率随辐照度上升而下降
2019-06-05 18:45:00,269.0,7.35,功率随辐照度上升而下降
2019-06-06 13:00:00,1119.0,20.85,功率随辐照度上升而下降
2019-06-06 13:45:00,1173.0,25.18,功率随辐照度上升而下降
2019-06-08 10:00:00,661.0,20.56,功率随辐照度上升而下降
2019-06-10 10:30:00,589.0,18.74,功率随辐照度上升而下降
2019-06-10 13:30:00,991.0,36.58,功率随辐照度上升而下降
2019-06-10 15:30:00,864.0,34.31,功率随辐照度上升而下降
2019-06-10 16:00:00,391.0,31.26,功率随辐照度上升而下降
2019-06-10 16:15:00,678.0,29.99,功率随辐照度上升而下降
2019-06-10 16:30:00,709.0,28.31,功率随辐照度上升而下降
2019-06-11 12:30:00,988.0,21.16,功率随辐照度上升而下降
2019-06-12 10:00:00,496.0,16.1,功率随辐照度上升而下降
2019-06-13 11:45:00,447.0,16.8,功率随辐照度上升而下降
2019-06-14 11:45:00,915.0,31.07,功率随辐照度上升而下降
2019-06-14 12:00:00,945.0,30.27,功率随辐照度上升而下降
2019-06-14 12:30:00,1011.0,27.93,功率随辐照度上升而下降
2019-06-14 13:15:00,1082.0,25.84,功率随辐照度上升而下降
2019-06-15 09:30:00,550.0,17.44,功率随辐照度上升而下降
2019-06-15 10:15:00,758.0,21.87,功率随辐照度上升而下降
2019-06-17 10:00:00,643.0,20.76,功率随辐照度上升而下降
2019-06-17 10:45:00,750.0,19.72,功率随辐照度上升而下降
2019-06-17 11:15:00,840.0,18.65,功率随辐照度上升而下降
2019-06-17 14:15:00,1130.0,16.86,功率随辐照度上升而下降
2019-06-19 13:30:00,843.0,18.66,功率随辐照度上升而下降
2019-06-19 14:15:00,438.0,18.01,功率随辐照度上升而下降
2019-06-19 14:30:00,550.0,17.22,功率随辐照度上升而下降
2019-06-20 14:45:00,456.0,17.95,功率随辐照度上升而下降
2019-06-22 12:15:00,1001.0,35.78,功率随辐照度上升而下降
2019-06-22 17:00:00,690.0,25.02,功率随辐照度上升而下降
2019-06-22 18:30:00,331.0,12.98,功率随辐照度上升而下降
2019-06-24 12:30:00,1123.0,23.84,功率随辐照度上升而下降
2019-06-24 13:45:00,966.0,24.34,功率随辐照度上升而下降
2019-06-24 15:00:00,646.0,23.67,功率随辐照度上升而下降
2019-06-25 12:30:00,1047.0,36.6,功率随辐照度上升而下降
2019-06-25 16:45:00,683.0,24.52,功率随辐照度上升而下降
2019-06-25 17:15:00,593.0,22.5,功率随辐照度上升而下降
2019-06-25 18:30:00,251.0,10.31,功率随辐照度上升而下降
2019-06-26 10:00:00,247.0,8.59,功率随辐照度上升而下降
2019-06-26 13:15:00,374.0,14.86,功率随辐照度上升而下降
2019-06-26 14:00:00,445.0,14.88,功率随辐照度上升而下降
2019-06-26 14:30:00,394.0,10.26,功率随辐照度上升而下降
2019-06-26 18:15:00,271.0,5.54,功率随辐照度上升而下降
2019-06-27 10:15:00,833.0,23.4,功率随辐照度上升而下降
2019-06-29 08:30:00,243.0,5.59,功率随辐照度上升而下降
2019-06-29 10:00:00,648.0,17.2,功率随辐照度上升而下降
2019-07-01 09:00:00,385.0,9.17,功率随辐照度上升而下降
2019-07-01 12:15:00,1060.0,22.85,功率随辐照度上升而下降
2019-07-01 12:30:00,1150.0,18.8,功率随辐照度上升而下降
2019-07-01 14:45:00,1031.0,30.33,功率随辐照度上升而下降
2019-07-01 15:45:00,1037.0,16.52,功率随辐照度上升而下降
2019-07-02 13:30:00,814.0,24.0,功率随辐照度上升而下降
2019-07-02 14:15:00,1249.0,31.31,功率随辐照度上升而下降
2019-07-02 15:00:00,957.0,27.92,功率随辐照度上升而下降
2019-07-02 18:00:00,348.0,14.22,功率随辐照度上升而下降
2019-07-02 19:00:00,230.0,5.33,功率随辐照度上升而下降
2019-07-03 09:30:00,525.0,14.04,功率随辐照度上升而下降
2019-07-03 11:15:00,925.0,29.33,功率随辐照度上升而下降
2019-07-03 11:30:00,1013.0,17.77,功率随辐照度上升而下降
2019-07-03 13:45:00,1175.0,17.03,功率随辐照度上升而下降
2019-07-03 14:45:00,1088.0,22.18,功率随辐照度上升而下降
2019-07-04 14:15:00,1135.0,38.13,功率随辐照度上升而下降
2019-07-04 15:30:00,930.0,32.11,功率随辐照度上升而下降
2019-07-04 16:00:00,918.0,27.99,功率随辐照度上升而下降
2019-07-05 09:45:00,430.0,13.87,功率随辐照度上升而下降
2019-07-05 11:45:00,877.0,23.04,功率随辐照度上升而下降
2019-07-07 12:00:00,1034.0,29.4,功率随辐照度上升而下降
2019-07-07 13:00:00,1064.0,37.65,功率随辐照度上升而下降
2019-07-08 14:15:00,1168.0,38.93,功率随辐照度上升而下降
2019-07-09 12:15:00,1002.0,32.32,功率随辐照度上升而下降
2019-07-09 14:30:00,1102.0,32.69,功率随辐照度上升而下降
2019-07-09 15:15:00,778.0,26.28,功率随辐照度上升而下降
2019-07-09 19:00:00,253.0,8.01,功率随辐照度上升而下降
2019-07-10 11:30:00,790.0,24.18,功率随辐照度上升而下降
2019-07-10 12:15:00,1023.0,30.75,功率随辐照度上升而下降
2019-07-10 16:00:00,890.0,34.0,功率随辐照度上升而下降
2019-07-11 10:15:00,589.0,21.54,功率随辐照度上升而下降
2019-07-11 14:15:00,1120.0,27.69,功率随辐照度上升而下降
2019-07-11 14:30:00,1147.0,26.89,功率随辐照度上升而下降
2019-07-11 16:30:00,745.0,11.78,功率随辐照度上升而下降
2019-07-13 13:00:00,1051.0,33.66,功率随辐照度上升而下降
2019-07-13 13:15:00,1086.0,25.7,功率随辐照度上升而下降
2019-07-13 16:15:00,716.0,18.5,功率随辐照度上升而下降
2019-07-15 10:00:00,652.0,17.46,功率随辐照度上升而下降
2019-07-15 11:15:00,685.0,26.11,功率随辐照度上升而下降
2019-07-15 15:45:00,834.0,25.98,功率随辐照度上升而下降
2019-07-16 12:15:00,967.0,35.29,功率随辐照度上升而下降
2019-07-16 12:45:00,870.0,25.69,功率随辐照度上升而下降
2019-07-16 17:30:00,532.0,21.34,功率随辐照度上升而下降
2019-07-18 15:00:00,1020.0,37.41,功率随辐照度上升而下降
2019-07-18 16:45:00,725.0,13.89,功率随辐照度上升而下降
2019-07-18 17:30:00,598.0,22.16,功率随辐照度上升而下降
2019-07-19 15:00:00,928.0,37.6,功率随辐照度上升而下降
2019-07-19 15:15:00,985.0,36.91,功率随辐照度上升而下降
2019-07-20 14:30:00,1108.0,35.82,功率随辐照度上升而下降
2019-07-20 17:45:00,367.0,12.39,功率随辐照度上升而下降
2019-07-21 10:45:00,836.0,20.78,功率随辐照度上升而下降
2019-07-21 12:45:00,979.0,21.58,功率随辐照度上升而下降
2019-07-21 13:30:00,1149.0,27.89,功率随辐照度上升而下降
2019-07-21 14:15:00,1089.0,30.21,功率随辐照度上升而下降
2019-07-21 15:00:00,1020.0,19.34,功率随辐照度上升而下降
2019-07-21 16:30:00,255.0,11.93,功率随辐照度上升而下降
2019-07-21 18:15:00,167.0,6.76,功率随辐照度上升而下降
2019-07-22 15:00:00,939.0,24.38,功率随辐照度上升而下降
2019-07-22 17:00:00,742.0,23.12,功率随辐照度上升而下降
2019-07-22 17:45:00,598.0,22.47,功率随辐照度上升而下降
2019-07-23 11:15:00,839.0,27.85,功率随辐照度上升而下降
2019-07-23 11:30:00,944.0,25.82,功率随辐照度上升而下降
2019-07-23 12:45:00,1094.0,20.49,功率随辐照度上升而下降
2019-07-23 13:15:00,541.0,14.61,功率随辐照度上升而下降
2019-07-23 14:15:00,575.0,16.89,功率随辐照度上升而下降
2019-07-23 14:30:00,1185.0,15.06,功率随辐照度上升而下降
2019-07-24 10:15:00,725.0,22.09,功率随辐照度上升而下降
2019-07-24 11:15:00,829.0,29.44,功率随辐照度上升而下降
2019-07-25 15:15:00,1071.0,26.95,功率随辐照度上升而下降
2019-07-26 19:30:00,119.0,3.71,功率随辐照度上升而下降
2019-07-28 11:30:00,849.0,31.45,功率随辐照度上升而下降
2019-07-28 14:45:00,1061.0,30.77,功率随辐照度上升而下降
2019-07-30 11:30:00,1035.0,28.7,功率随辐照度上升而下降
2019-07-30 18:00:00,502.0,17.77,功率随辐照度上升而下降
2019-07-31 11:45:00,954.0,33.97,功率随辐照度上升而下降
2019-07-31 12:15:00,998.0,34.7,功率随辐照度上升而下降
2019-07-31 14:15:00,759.0,20.77,功率随辐照度上升而下降
2019-07-31 15:00:00,1047.0,30.34,功率随辐照度上升而下降
2019-07-31 15:15:00,1126.0,21.59,功率随辐照度上升而下降
2019-07-31 18:30:00,290.0,12.37,功率随辐照度上升而下降
2019-08-01 13:00:00,748.0,22.14,功率随辐照度上升而下降
2019-08-01 13:30:00,1105.0,34.17,功率随辐照度上升而下降
2019-08-01 14:30:00,1042.0,39.3,功率随辐照度上升而下降
2019-08-02 14:30:00,1075.0,28.43,功率随辐照度上升而下降
2019-08-02 18:15:00,292.0,11.84,功率随辐照度上升而下降
2019-08-04 11:45:00,1000.0,21.98,功率随辐照度上升而下降
2019-08-04 12:30:00,1067.0,28.89,功率随辐照度上升而下降
2019-08-04 15:00:00,746.0,25.31,功率随辐照度上升而下降
2019-08-05 13:00:00,1092.0,38.22,功率随辐照度上升而下降
2019-08-05 14:15:00,820.0,27.29,功率随辐照度上升而下降
2019-08-05 14:45:00,1025.0,29.95,功率随辐照度上升而下降
2019-08-07 15:45:00,623.0,22.84,功率随辐照度上升而下降
2019-08-08 14:00:00,1052.0,35.23,功率随辐照度上升而下降
2019-08-15 14:30:00,954.0,34.21,功率随辐照度上升而下降
2019-08-16 11:30:00,883.0,33.24,功率随辐照度上升而下降
2019-08-17 13:00:00,1026.0,27.25,功率随辐照度上升而下降
2019-08-17 14:15:00,1076.0,26.98,功率随辐照度上升而下降
2019-08-17 15:00:00,843.0,23.03,功率随辐照度上升而下降
2019-08-17 17:15:00,508.0,21.42,功率随辐照度上升而下降
2019-08-18 14:15:00,545.0,19.56,功率随辐照度上升而下降
2019-08-18 16:00:00,539.0,20.45,功率随辐照度上升而下降
2019-08-18 16:30:00,768.0,21.75,功率随辐照度上升而下降
2019-08-19 17:00:00,647.0,26.06,功率随辐照度上升而下降
2019-08-20 14:15:00,1057.0,37.3,功率随辐照度上升而下降
2019-08-20 16:45:00,216.0,8.79,功率随辐照度上升而下降
2019-08-21 13:00:00,1011.0,33.14,功率随辐照度上升而下降
2019-08-21 14:45:00,765.0,27.91,功率随辐照度上升而下降
2019-08-21 15:00:00,891.0,25.36,功率随辐照度上升而下降
2019-08-21 15:15:00,1048.0,23.17,功率随辐照度上升而下降
2019-08-21 16:15:00,846.0,29.72,功率随辐照度上升而下降
2019-08-21 18:00:00,394.0,15.99,功率随辐照度上升而下降
2019-08-22 10:30:00,779.0,21.28,功率随辐照度上升而下降
2019-08-22 14:00:00,851.0,26.87,功率随辐照度上升而下降
2019-08-22 14:45:00,1103.0,28.68,功率随辐照度上升而下降
2019-08-22 17:30:00,671.0,13.75,功率随辐照度上升而下降
2019-08-23 13:00:00,966.0,36.21,功率随辐照度上升而下降
2019-08-24 15:15:00,1017.0,31.14,功率随辐照度上升而下降
2019-08-24 15:45:00,844.0,33.44,功率随辐照度上升而下降
2019-08-24 17:15:00,776.0,20.44,功率随辐照度上升而下降
2019-08-25 14:15:00,1032.0,31.43,功率随辐照度上升而下降
2019-08-25 14:45:00,1071.0,27.41,功率随辐照度上升而下降
2019-08-25 15:15:00,961.0,32.87,功率随辐照度上升而下降
2019-08-25 16:30:00,898.0,24.45,功率随辐照度上升而下降
2019-08-26 11:30:00,967.0,29.34,功率随辐照度上升而下降
2019-08-26 13:00:00,935.0,27.81,功率随辐照度上升而下降
2019-08-26 14:00:00,761.0,21.9,功率随辐照度上升而下降
2019-08-26 15:00:00,1120.0,16.05,功率随辐照度上升而下降
2019-08-28 13:15:00,1089.0,14.1,功率随辐照度上升而下降
2019-08-28 15:00:00,1007.0,31.81,功率随辐照度上升而下降
2019-08-28 15:45:00,924.0,34.77,功率随辐照度上升而下降
2019-08-29 12:00:00,1070.0,30.24,功率随辐照度上升而下降
2019-08-29 17:30:00,266.0,10.64,功率随辐照度上升而下降
2019-08-29 18:45:00,175.0,6.03,功率随辐照度上升而下降
2019-08-30 09:45:00,599.0,15.23,功率随辐照度上升而下降
2019-09-01 11:00:00,862.0,16.88,功率随辐照度上升而下降
2019-09-01 12:15:00,763.0,18.56,功率随辐照度上升而下降
2019-09-01 15:30:00,569.0,23.46,功率随辐照度上升而下降
2019-09-01 17:45:00,560.0,16.22,功率随辐照度上升而下降
2019-09-01 18:15:00,236.0,9.52,功率随辐照度上升而下降
2019-09-02 13:45:00,1072.0,25.47,功率随辐照度上升而下降
2019-09-03 10:00:00,647.0,15.13,功率随辐照度上升而下降
2019-09-04 12:00:00,926.0,36.55,功率随辐照度上升而下降
2019-09-05 11:00:00,823.0,26.8,功率随辐照度上升而下降
2019-09-05 11:30:00,893.0,25.75,功率随辐照度上升而下降
2019-09-05 12:45:00,973.0,23.74,功率随辐照度上升而下降
2019-09-06 13:00:00,983.0,34.4,功率随辐照度上升而下降
2019-09-08 16:15:00,856.0,23.65,功率随辐照度上升而下降
2019-09-11 10:15:00,606.0,22.9,功率随辐照度上升而下降
2019-09-12 11:00:00,858.0,31.35,功率随辐照度上升而下降
2019-09-12 12:30:00,1001.0,42.03,功率随辐照度上升而下降
2019-09-12 12:45:00,1027.0,40.41,功率随辐照度上升而下降
2019-09-14 09:30:00,502.0,14.7,功率随辐照度上升而下降
2019-09-14 12:30:00,1036.0,35.13,功率随辐照度上升而下降
2019-09-14 13:45:00,1075.0,39.93,功率随辐照度上升而下降
2019-09-17 16:15:00,652.0,24.14,功率随辐照度上升而下降
2019-09-18 15:15:00,967.0,33.53,功率随辐照度上升而下降
2019-09-19 10:00:00,653.0,19.07,功率随辐照度上升而下降
2019-09-19 10:15:00,699.0,14.02,功率随辐照度上升而下降
2019-09-19 10:30:00,740.0,9.44,功率随辐照度上升而下降
2019-09-19 12:30:00,995.0,28.42,功率随辐照度上升而下降
2019-09-19 12:45:00,1017.0,17.05,功率随辐照度上升而下降
2019-09-19 13:15:00,1069.0,9.86,功率随辐照度上升而下降
2019-09-19 14:30:00,987.0,5.44,功率随辐照度上升而下降
2019-09-20 12:00:00,923.0,34.28,功率随辐照度上升而下降
2019-09-20 14:45:00,830.0,30.74,功率随辐照度上升而下降
2019-09-21 17:00:00,432.0,9.28,功率随辐照度上升而下降
2019-09-23 09:15:00,320.0,10.93,功率随辐照度上升而下降
2019-09-23 10:45:00,799.0,20.74,功率随辐照度上升而下降
2019-09-27 10:30:00,698.0,21.11,功率随辐照度上升而下降
2019-09-27 10:45:00,742.0,13.65,功率随辐照度上升而下降
2019-09-27 11:00:00,795.0,11.83,功率随辐照度上升而下降
2019-09-27 11:15:00,842.0,8.28,功率随辐照度上升而下降
2019-09-27 12:15:00,950.0,15.4,功率随辐照度上升而下降
2019-09-28 11:45:00,846.0,26.14,功率随辐照度上升而下降
2019-09-29 10:30:00,632.0,18.24,功率随辐照度上升而下降
2019-09-29 12:00:00,952.0,32.47,功率随辐照度上升而下降
2019-09-30 10:45:00,771.0,15.94,功率随辐照度上升而下降
2019-09-30 11:00:00,822.0,12.68,功率随辐照度上升而下降
2019-09-30 11:15:00,877.0,9.8,功率随辐照度上升而下降
2019-09-30 11:30:00,920.0,8.86,功率随辐照度上升而下降
2019-10-02 17:15:00,287.0,11.02,功率随辐照度上升而下降
2019-10-04 12:30:00,991.0,38.97,功率随辐照度上升而下降
2019-10-04 17:00:00,577.0,23.5,功率随辐照度上升而下降
2019-10-05 11:30:00,858.0,32.36,功率随辐照度上升而下降
2019-10-05 14:45:00,1017.0,33.53,功率随辐照度上升而下降
2019-10-05 16:00:00,535.0,26.35,功率随辐照度上升而下降
2019-10-07 16:00:00,787.0,31.58,功率随辐照度上升而下降
2019-10-07 17:45:00,198.0,9.45,功率随辐照度上升而下降
2019-10-09 13:00:00,1018.0,35.73,功率随辐照度上升而下降
2019-10-09 13:45:00,1030.0,36.35,功率随辐照度上升而下降
2019-10-09 14:15:00,994.0,36.01,功率随辐照度上升而下降
2019-10-09 14:45:00,1091.0,22.74,功率随辐照度上升而下降
2019-10-09 15:45:00,685.0,31.02,功率随辐照度上升而下降
2019-10-09 16:00:00,788.0,30.46,功率随辐照度上升而下降
2019-10-09 17:00:00,561.0,21.74,功率随辐照度上升而下降
2019-10-11 13:15:00,1245.0,18.83,功率随辐照度上升而下降
2019-10-11 13:45:00,1176.0,17.14,功率随辐照度上升而下降
2019-10-12 13:45:00,882.0,14.68,功率随辐照度上升而下降
2019-10-12 14:30:00,919.0,17.16,功率随辐照度上升而下降
2019-10-12 15:15:00,723.0,30.7,功率随辐照度上升而下降
2019-10-12 15:30:00,760.0,29.41,功率随辐照度上升而下降
2019-10-12 16:15:00,335.0,16.79,功率随辐照度上升而下降
2019-10-12 16:30:00,510.0,15.27,功率随辐照度上升而下降
2019-10-13 11:00:00,581.0,21.34,功率随辐照度上升而下降
2019-10-13 13:00:00,890.0,20.52,功率随辐照度上升而下降
2019-10-13 13:45:00,504.0,14.67,功率随辐照度上升而下降
2019-10-13 16:45:00,532.0,7.91,功率随辐照度上升而下降
2019-10-16 12:45:00,73.0,3.65,功率随辐照度上升而下降
2019-10-18 11:00:00,793.0,21.76,功率随辐照度上升而下降
2019-10-18 12:15:00,1119.0,23.95,功率随辐照度上升而下降
2019-10-22 11:15:00,850.0,27.09,功率随辐照度上升而下降
2019-10-22 17:00:00,161.0,4.98,功率随辐照度上升而下降
2019-11-01 16:45:00,457.0,19.72,功率随辐照度上升而下降
2019-11-01 17:00:00,480.0,17.76,功率随辐照度上升而下降
2019-11-03 16:45:00,292.0,14.42,功率随辐照度上升而下降
2019-11-03 17:00:00,317.0,11.93,功率随辐照度上升而下降
2019-11-04 10:30:00,379.0,15.73,功率随辐照度上升而下降
2019-11-04 13:00:00,1045.0,37.38,功率随辐照度上升而下降
2019-11-05 12:00:00,850.0,29.79,功率随辐照度上升而下降
2019-11-05 15:15:00,770.0,30.94,功率随辐照度上升而下降
2019-11-06 13:15:00,884.0,35.12,功率随辐照度上升而下降
2019-11-07 11:45:00,819.0,27.5,功率随辐照度上升而下降
2019-11-07 13:30:00,949.0,36.75,功率随辐照度上升而下降
2019-11-09 12:30:00,1005.0,25.37,功率随辐照度上升而下降
2019-11-09 12:45:00,1028.0,23.63,功率随辐照度上升而下降
2019-11-15 11:45:00,879.0,30.81,功率随辐照度上升而下降
2019-11-15 13:45:00,996.0,22.74,功率随辐照度上升而下降
2019-11-15 14:15:00,549.0,18.18,功率随辐照度上升而下降
2019-11-15 16:30:00,200.0,8.01,功率随辐照度上升而下降
2019-11-21 13:00:00,841.0,26.46,功率随辐照度上升而下降
2019-11-21 14:45:00,498.0,22.5,功率随辐照度上升而下降
2019-11-21 15:15:00,551.0,21.26,功率随辐照度上升而下降
2019-11-22 11:00:00,686.0,17.34,功率随辐照度上升而下降
2019-11-22 11:30:00,775.0,17.21,功率随辐照度上升而下降
2019-11-22 12:00:00,657.0,14.57,功率随辐照度上升而下降
2019-11-22 13:15:00,746.0,13.41,功率随辐照度上升而下降
2019-11-23 11:15:00,795.0,28.09,功率随辐照度上升而下降
2019-11-23 11:30:00,832.0,26.64,功率随辐照度上升而下降
2019-11-24 12:45:00,990.0,37.15,功率随辐照度上升而下降
2019-11-25 11:00:00,696.0,16.4,功率随辐照度上升而下降
2019-11-25 12:15:00,496.0,22.3,功率随辐照度上升而下降
2019-11-25 13:30:00,750.0,35.26,功率随辐照度上升而下降
2019-11-26 10:30:00,537.0,12.94,功率随辐照度上升而下降
2019-11-26 12:30:00,599.0,18.58,功率随辐照度上升而下降
2019-11-26 13:15:00,793.0,28.46,功率随辐照度上升而下降
2019-11-26 14:30:00,787.0,32.94,功率随辐照度上升而下降
2019-11-27 12:15:00,887.0,36.26,功率随辐照度上升而下降
2019-11-27 14:00:00,851.0,30.36,功率随辐照度上升而下降
2019-11-28 13:15:00,346.0,21.7,功率随辐照度上升而下降
2019-12-04 12:00:00,802.0,30.76,功率随辐照度上升而下降
2019-12-04 15:30:00,656.0,29.53,功率随辐照度上升而下降
2019-12-05 15:30:00,708.0,32.88,功率随辐照度上升而下降
2019-12-06 12:15:00,777.0,30.95,功率随辐照度上升而下降
2019-12-06 14:45:00,799.0,33.11,功率随辐照度上升而下降
2019-12-06 16:30:00,471.0,16.32,功率随辐照度上升而下降
2019-12-06 17:00:00,337.0,6.88,功率随辐照度上升而下降
2019-12-07 14:15:00,771.0,28.17,功率随辐照度上升而下降
2019-12-07 15:30:00,420.0,14.34,功率随辐照度上升而下降
2019-12-14 12:30:00,468.0,19.86,功率随辐照度上升而下降
2019-12-17 14:15:00,530.0,13.04,功率随辐照度上升而下降
2019-12-17 15:00:00,184.0,6.03,功率随辐照度上升而下降
2019-12-18 15:15:00,182.0,6.93,功率随辐照度上升而下降
2019-12-18 15:45:00,191.0,6.85,功率随辐照度上升而下降
2019-12-18 16:45:00,355.0,7.47,功率随辐照度上升而下降
2019-12-20 14:15:00,687.0,29.29,功率随辐照度上升而下降
2019-12-20 15:00:00,322.0,10.2,功率随辐照度上升而下降
2019-12-21 14:30:00,629.0,23.38,功率随辐照度上升而下降
2019-12-21 14:45:00,657.0,18.57,功率随辐照度上升而下降
2019-12-25 14:00:00,935.0,29.54,功率随辐照度上升而下降
2019-12-26 12:45:00,834.0,33.35,功率随辐照度上升而下降
2019-12-26 13:00:00,872.0,26.09,功率随辐照度上升而下降
2019-12-26 13:15:00,906.0,23.22,功率随辐照度上升而下降
2019-12-27 12:15:00,869.0,32.44,功率随辐照度上升而下降
2019-12-27 17:00:00,199.0,6.82,功率随辐照度上升而下降
2019-12-29 15:45:00,568.0,27.08,功率随辐照度上升而下降
2019-12-29 16:30:00,595.0,23.43,功率随辐照度上升而下降
2019-12-30 12:15:00,839.0,32.87,功率随辐照度上升而下降
2019-12-30 12:30:00,865.0,10.2,功率随辐照度上升而下降
2019-12-30 12:45:00,888.0,8.09,功率随辐照度上升而下降
2019-12-31 11:15:00,652.0,24.19,功率随辐照度上升而下降
2019-12-31 12:00:00,667.0,30.04,功率随辐照度上升而下降
2019-12-31 15:45:00,681.0,31.48,功率随辐照度上升而下降
2020-01-01 12:45:00,465.0,20.21,功率随辐照度上升而下降
2020-01-01 16:00:00,211.0,8.88,功率随辐照度上升而下降
2020-01-02 15:45:00,630.0,29.13,功率随辐照度上升而下降
2020-01-03 14:15:00,855.0,30.81,功率随辐照度上升而下降
2020-01-03 15:00:00,721.0,29.38,功率随辐照度上升而下降
2020-01-03 15:45:00,637.0,29.68,功率随辐照度上升而下降
2020-01-04 15:45:00,653.0,30.54,功率随辐照度上升而下降
2020-01-05 15:45:00,660.0,30.99,功率随辐照度上升而下降
2020-01-06 13:00:00,791.0,31.53,功率随辐照度上升而下降
2020-01-06 17:30:00,196.0,3.73,功率随辐照度上升而下降
2020-01-07 15:45:00,653.0,30.15,功率随辐照度上升而下降
2020-01-07 16:45:00,455.0,17.59,功率随辐照度上升而下降
2020-01-08 15:45:00,678.0,31.63,功率随辐照度上升而下降
2020-01-08 17:00:00,421.0,13.76,功率随辐照度上升而下降
2020-01-09 13:30:00,820.0,25.33,功率随辐照度上升而下降
2020-01-09 14:00:00,652.0,21.3,功率随辐照度上升而下降
2020-01-10 12:30:00,779.0,32.06,功率随辐照度上升而下降
2020-01-10 16:00:00,600.0,25.21,功率随辐照度上升而下降
2020-01-10 17:15:00,290.0,8.27,功率随辐照度上升而下降
2020-01-11 14:45:00,823.0,29.35,功率随辐照度上升而下降
2020-01-11 15:45:00,572.0,26.86,功率随辐照度上升而下降
2020-01-14 12:45:00,422.0,17.17,功率随辐照度上升而下降
2020-01-15 13:15:00,629.0,24.42,功率随辐照度上升而下降
2020-01-15 13:45:00,729.0,25.41,功率随辐照度上升而下降
2020-01-16 11:15:00,520.0,11.61,功率随辐照度上升而下降
2020-01-16 13:15:00,880.0,34.5,功率随辐照度上升而下降
2020-01-17 15:15:00,175.0,8.53,功率随辐照度上升而下降
2020-01-19 11:30:00,488.0,20.91,功率随辐照度上升而下降
2020-01-19 13:15:00,290.0,14.09,功率随辐照度上升而下降
2020-01-20 13:30:00,764.0,36.99,功率随辐照度上升而下降
2020-01-20 14:15:00,865.0,37.49,功率随辐照度上升而下降
2020-01-22 16:00:00,615.0,30.92,功率随辐照度上升而下降
2020-01-22 16:15:00,646.0,28.36,功率随辐照度上升而下降
2020-01-24 13:15:00,1009.0,38.81,功率随辐照度上升而下降
2020-01-24 13:30:00,1058.0,37.0,功率随辐照度上升而下降
2020-01-24 13:45:00,1080.0,34.12,功率随辐照度上升而下降
2020-01-25 13:45:00,829.0,34.65,功率随辐照度上升而下降
2020-01-26 17:15:00,451.0,14.08,功率随辐照度上升而下降
2020-01-31 17:00:00,544.0,24.32,功率随辐照度上升而下降
2020-02-01 13:15:00,1025.0,38.64,功率随辐照度上升而下降
2020-02-02 12:30:00,926.0,36.57,功率随辐照度上升而下降
2020-02-02 13:00:00,994.0,28.69,功率随辐照度上升而下降
2020-02-02 13:15:00,1021.0,26.07,功率随辐照度上升而下降
2020-02-02 13:30:00,1047.0,23.25,功率随辐照度上升而下降
2020-02-04 13:45:00,1001.0,40.19,功率随辐照度上升而下降
2020-02-04 16:30:00,537.0,26.38,功率随辐照度上升而下降
2020-02-09 12:00:00,938.0,28.56,功率随辐照度上升而下降
2020-02-09 12:15:00,985.0,25.15,功率随辐照度上升而下降
2020-02-09 12:30:00,1026.0,22.01,功率随辐照度上升而下降
2020-02-09 12:45:00,1061.0,18.92,功率随辐照度上升而下降
2020-02-09 13:00:00,1088.0,12.03,功率随辐照度上升而下降
2020-02-09 13:15:00,1114.0,11.22,功率随辐照度上升而下降
2020-02-09 13:30:00,1135.0,10.7,功率随辐照度上升而下降
2020-02-10 12:00:00,939.0,24.7,功率随辐照度上升而下降
2020-02-10 12:15:00,997.0,23.0,功率随辐照度上升而下降
2020-02-10 12:30:00,1043.0,21.74,功率随辐照度上升而下降
2020-02-10 12:45:00,1075.0,19.72,功率随辐照度上升而下降
2020-02-10 13:15:00,1118.0,15.24,功率随辐照度上升而下降
2020-02-10 17:00:00,479.0,20.32,功率随辐照度上升而下降
2020-02-11 13:00:00,1049.0,30.85,功率随辐照度上升而下降
2020-02-11 13:15:00,1070.0,28.24,功率随辐照度上升而下降
2020-02-11 15:45:00,841.0,27.34,功率随辐照度上升而下降
2020-02-11 17:00:00,372.0,7.41,功率随辐照度上升而下降
2020-02-12 11:15:00,700.0,18.85,功率随辐照度上升而下降
2020-02-12 12:00:00,835.0,17.51,功率随辐照度上升而下降
2020-02-13 11:15:00,814.0,19.48,功率随辐照度上升而下降
2020-02-13 11:30:00,864.0,9.63,功率随辐照度上升而下降
2020-02-13 12:15:00,1013.0,10.97,功率随辐照度上升而下降
2020-02-13 12:30:00,1053.0,10.28,功率随辐照度上升而下降
2020-02-13 12:45:00,1087.0,9.14,功率随辐照度上升而下降
2020-02-13 13:30:00,1163.0,9.75,功率随辐照度上升而下降
2020-02-14 10:45:00,739.0,24.58,功率随辐照度上升而下降
2020-02-14 11:00:00,784.0,15.57,功率随辐照度上升而下降
2020-02-14 11:15:00,829.0,10.85,功率随辐照度上升而下降
2020-02-14 11:30:00,887.0,6.31,功率随辐照度上升而下降
2020-02-14 11:45:00,941.0,4.54,功率随辐照度上升而下降
2020-02-15 11:00:00,793.0,28.46,功率随辐照度上升而下降
2020-02-15 11:15:00,845.0,16.23,功率随辐照度上升而下降
2020-02-15 11:30:00,896.0,11.67,功率随辐照度上升而下降
2020-02-15 11:45:00,949.0,9.97,功率随辐照度上升而下降
2020-02-15 13:15:00,1175.0,8.34,功率随辐照度上升而下降
2020-02-17 15:45:00,472.0,18.35,功率随辐照度上升而下降
2020-02-20 14:45:00,731.0,15.94,功率随辐照度上升而下降
2020-02-20 15:15:00,714.0,8.7,功率随辐照度上升而下降
2020-02-21 11:30:00,729.0,17.03,功率随辐照度上升而下降
2020-02-21 11:45:00,767.0,16.32,功率随辐照度上升而下降
2020-02-21 12:00:00,812.0,13.51,功率随辐照度上升而下降
2020-02-21 12:15:00,866.0,10.92,功率随辐照度上升而下降
2020-02-21 12:30:00,908.0,9.01,功率随辐照度上升而下降
2020-02-22 11:30:00,772.0,22.26,功率随辐照度上升而下降
2020-02-22 11:45:00,830.0,15.22,功率随辐照度上升而下降
2020-02-22 12:00:00,863.0,13.8,功率随辐照度上升而下降
2020-02-22 12:15:00,904.0,12.85,功率随辐照度上升而下降
2020-02-22 12:45:00,956.0,14.93,功率随辐照度上升而下降
2020-02-22 13:00:00,981.0,14.19,功率随辐照度上升而下降
2020-02-23 11:15:00,659.0,21.59,功率随辐照度上升而下降
2020-02-23 11:30:00,711.0,17.01,功率随辐照度上升而下降
2020-02-23 11:45:00,755.0,12.26,功率随辐照度上升而下降
2020-02-23 12:00:00,795.0,9.26,功率随辐照度上升而下降
2020-02-23 12:15:00,838.0,7.91,功率随辐照度上升而下降
2020-02-23 12:30:00,871.0,7.35,功率随辐照度上升而下降
2020-02-24 11:15:00,574.0,19.7,功率随辐照度上升而下降
2020-02-24 12:00:00,781.0,19.33,功率随辐照度上升而下降
2020-02-24 14:45:00,814.0,19.08,功率随辐照度上升而下降
2020-02-24 17:30:00,462.0,18.87,功率随辐照度上升而下降
2020-02-26 11:30:00,865.0,22.47,功率随辐照度上升而下降
2020-02-26 11:45:00,913.0,20.12,功率随辐照度上升而下降
2020-02-26 12:00:00,978.0,15.42,功率随辐照度上升而下降
2020-02-26 12:30:00,1031.0,13.66,功率随辐照度上升而下降
2020-02-26 16:00:00,835.0,18.9,功率随辐照度上升而下降
2020-02-26 16:45:00,678.0,30.14,功率随辐照度上升而下降
2020-02-28 11:00:00,262.0,8.97,功率随辐照度上升而下降
2020-02-29 12:15:00,1018.0,23.12,功率随辐照度上升而下降
2020-02-29 12:30:00,1048.0,19.37,功率随辐照度上升而下降
2020-03-04 12:30:00,968.0,28.48,功率随辐照度上升而下降
2020-03-04 13:30:00,1048.0,22.37,功率随辐照度上升而下降
2020-03-05 11:30:00,503.0,17.43,功率随辐照度上升而下降
2020-03-06 12:00:00,958.0,35.64,功率随辐照度上升而下降
2020-03-08 15:30:00,313.0,14.86,功率随辐照度上升而下降
2020-03-11 12:30:00,939.0,32.23,功率随辐照度上升而下降
2020-03-11 12:45:00,968.0,30.32,功率随辐照度上升而下降
2020-03-11 13:30:00,1039.0,33.52,功率随辐照度上升而下降
2020-03-12 10:45:00,636.0,19.0,功率随辐照度上升而下降
2020-03-13 17:15:00,632.0,27.59,功率随辐照度上升而下降
2020-03-14 13:45:00,1134.0,44.18,功率随辐照度上升而下降
2020-03-14 15:45:00,1017.0,36.71,功率随辐照度上升而下降
2020-03-14 16:15:00,862.0,33.03,功率随辐照度上升而下降
2020-03-17 11:15:00,878.0,28.38,功率随辐照度上升而下降
2020-03-18 14:45:00,843.0,32.16,功率随辐照度上升而下降
2020-03-18 15:45:00,764.0,29.28,功率随辐照度上升而下降
2020-03-19 09:15:00,292.0,9.26,功率随辐照度上升而下降
2020-03-21 11:15:00,529.0,15.81,功率随辐照度上升而下降
2020-03-21 12:45:00,909.0,28.89,功率随辐照度上升而下降
2020-03-21 15:45:00,859.0,33.98,功率随辐照度上升而下降
2020-03-21 17:30:00,445.0,18.01,功率随辐照度上升而下降
2020-03-22 13:45:00,326.0,14.68,功率随辐照度上升而下降
2020-03-22 14:30:00,730.0,22.46,功率随辐照度上升而下降
2020-03-22 16:15:00,747.0,25.45,功率随辐照度上升而下降
2020-03-23 11:15:00,754.0,28.22,功率随辐照度上升而下降
2020-03-23 11:45:00,791.0,30.3,功率随辐照度上升而下降
2020-03-23 13:30:00,870.0,35.09,功率随辐照度上升而下降
2020-03-24 11:00:00,551.0,20.14,功率随辐照度上升而下降
2020-03-24 12:00:00,679.0,17.78,功率随辐照度上升而下降
2020-03-25 16:30:00,567.0,21.97,功率随辐照度上升而下降
2020-03-29 14:30:00,821.0,32.33,功率随辐照度上升而下降
2020-03-29 15:00:00,546.0,18.96,功率随辐照度上升而下降
2020-03-30 18:15:00,210.0,7.5,功率随辐照度上升而下降
2020-03-31 10:45:00,826.0,28.47,功率随辐照度上升而下降
2020-04-01 10:30:00,774.0,28.02,功率随辐照度上升而下降
2020-04-01 10:45:00,818.0,25.12,功率随辐照度上升而下降
2020-04-01 11:00:00,855.0,23.6,功率随辐照度上升而下降
2020-04-01 11:15:00,901.0,22.77,功率随辐照度上升而下降
2020-04-02 10:45:00,836.0,28.7,功率随辐照度上升而下降
2020-04-02 11:00:00,886.0,27.54,功率随辐照度上升而下降
2020-04-02 11:15:00,937.0,26.18,功率随辐照度上升而下降
2020-04-02 11:30:00,970.0,24.78,功率随辐照度上升而下降
2020-04-03 16:45:00,759.0,29.8,功率随辐照度上升而下降
2020-04-04 13:00:00,1043.0,38.1,功率随辐照度上升而下降
2020-04-04 13:15:00,1106.0,35.96,功率随辐照度上升而下降
2020-04-04 14:15:00,1105.0,37.91,功率随辐照度上升而下降
2020-04-04 16:30:00,765.0,30.18,功率随辐照度上升而下降
2020-04-04 17:15:00,513.0,13.57,功率随辐照度上升而下降
2020-04-04 18:30:00,193.0,5.05,功率随辐照度上升而下降
2020-04-05 17:45:00,487.0,17.16,功率随辐照度上升而下降
2020-04-07 15:15:00,1006.0,37.88,功率随辐照度上升而下降
2020-04-10 12:30:00,1042.0,43.32,功率随辐照度上升而下降
2020-04-11 15:00:00,742.0,30.34,功率随辐照度上升而下降
2020-04-11 17:00:00,499.0,21.21,功率随辐照度上升而下降
2020-04-12 09:45:00,560.0,17.86,功率随辐照度上升而下降
2020-04-14 13:45:00,1015.0,38.66,功率随辐照度上升而下降
2020-04-14 16:15:00,755.0,24.5,功率随辐照度上升而下降
2020-04-14 18:00:00,193.0,6.88,功率随辐照度上升而下降
2020-04-15 13:15:00,1020.0,17.13,功率随辐照度上升而下降
2020-04-16 11:15:00,898.0,28.45,功率随辐照度上升而下降
2020-04-16 12:15:00,937.0,23.37,功率随辐照度上升而下降
2020-04-17 11:15:00,570.0,22.75,功率随辐照度上升而下降
2020-04-17 12:00:00,533.0,22.65,功率随辐照度上升而下降
2020-04-18 11:30:00,945.0,34.51,功率随辐照度上升而下降
2020-04-18 15:00:00,972.0,33.01,功率随辐照度上升而下降
2020-04-18 16:15:00,652.0,24.69,功率随辐照度上升而下降
2020-04-18 17:00:00,585.0,20.25,功率随辐照度上升而下降
2020-04-18 17:30:00,485.0,20.65,功率随辐照度上升而下降
2020-04-19 12:15:00,958.0,25.78,功率随辐照度上升而下降
2020-04-20 16:00:00,939.0,38.43,功率随辐照度上升而下降
2020-04-20 17:30:00,575.0,22.87,功率随辐照度上升而下降
2020-04-21 16:00:00,568.0,13.79,功率随辐照度上升而下降
2020-04-21 18:45:00,211.0,7.64,功率随辐照度上升而下降
2020-04-23 11:00:00,886.0,29.57,功率随辐照度上升而下降
2020-04-23 11:15:00,930.0,26.95,功率随辐照度上升而下降
2020-04-23 11:30:00,962.0,24.91,功率随辐照度上升而下降
2020-04-28 12:15:00,1052.0,39.06,功率随辐照度上升而下降
2020-04-28 14:00:00,1039.0,29.58,功率随辐照度上升而下降
2020-04-28 14:45:00,932.0,28.3,功率随辐照度上升而下降
2020-04-29 13:15:00,1072.0,38.68,功率随辐照度上升而下降
2020-05-01 10:15:00,720.0,22.51,功率随辐照度上升而下降
2020-05-01 10:30:00,752.0,19.58,功率随辐照度上升而下降
2020-05-01 11:00:00,803.0,15.25,功率随辐照度上升而下降
2020-05-01 11:15:00,877.0,11.67,功率随辐照度上升而下降
2020-05-01 16:15:00,780.0,11.34,功率随辐照度上升而下降
2020-05-02 09:30:00,566.0,8.08,功率随辐照度上升而下降
2020-05-02 12:00:00,948.0,11.68,功率随辐照度上升而下降
2020-05-02 19:30:00,102.0,3.01,功率随辐照度上升而下降
2020-05-03 11:30:00,957.0,35.05,功率随辐照度上升而下降
2020-05-03 12:15:00,1016.0,32.97,功率随辐照度上升而下降
2020-05-03 12:30:00,1043.0,28.05,功率随辐照度上升而下降
2020-05-03 16:15:00,829.0,32.43,功率随辐照度上升而下降
2020-05-03 18:45:00,248.0,7.65,功率随辐照度上升而下降
2020-05-04 12:00:00,833.0,25.84,功率随辐照度上升而下降
2020-05-04 19:00:00,171.0,5.02,功率随辐照度上升而下降
2020-05-05 10:15:00,406.0,16.01,功率随辐照度上升而下降
2020-05-05 10:45:00,407.0,14.55,功率随辐照度上升而下降
2020-05-06 11:15:00,932.0,15.52,功率随辐照度上升而下降
2020-05-07 10:30:00,785.0,11.03,功率随辐照度上升而下降
2020-05-07 11:00:00,807.0,9.43,功率随辐照度上升而下降
2020-05-07 12:00:00,983.0,8.05,功率随辐照度上升而下降
2020-05-08 09:45:00,661.0,12.14,功率随辐照度上升而下降
2020-05-08 10:00:00,717.0,8.06,功率随辐照度上升而下降
2020-05-08 10:15:00,756.0,7.43,功率随辐照度上升而下降
2020-05-08 10:30:00,788.0,6.41,功率随辐照度上升而下降
2020-05-08 10:45:00,820.0,5.74,功率随辐照度上升而下降
2020-05-08 11:15:00,906.0,4.92,功率随辐照度上升而下降
2020-05-08 12:30:00,1011.0,14.63,功率随辐照度上升而下降
2020-05-08 12:45:00,1038.0,7.46,功率随辐照度上升而下降
2020-05-09 10:30:00,776.0,24.17,功率随辐照度上升而下降
2020-05-09 10:45:00,818.0,22.77,功率随辐照度上升而下降
2020-05-09 11:15:00,887.0,19.21,功率随辐照度上升而下降
2020-05-10 08:45:00,374.0,8.59,功率随辐照度上升而下降
2020-05-10 09:00:00,452.0,7.74,功率随辐照度上升而下降
2020-05-10 09:15:00,536.0,5.28,功率随辐照度上升而下降
2020-05-10 09:30:00,609.0,4.76,功率随辐照度上升而下降
2020-05-10 11:00:00,883.0,3.63,功率随辐照度上升而下降
2020-05-10 11:15:00,919.0,2.22,功率随辐照度上升而下降
2020-05-10 12:30:00,1046.0,5.38,功率随辐照度上升而下降
2020-05-11 09:45:00,674.0,12.33,功率随辐照度上升而下降
2020-05-11 10:30:00,802.0,6.92,功率随辐照度上升而下降
2020-05-11 10:45:00,843.0,4.31,功率随辐照度上升而下降
2020-05-11 12:45:00,1078.0,5.54,功率随辐照度上升而下降
2020-05-11 13:00:00,1099.0,4.78,功率随辐照度上升而下降
2020-05-12 14:15:00,750.0,21.86,功率随辐照度上升而下降
2020-05-12 15:30:00,596.0,23.66,功率随辐照度上升而下降
2020-05-12 16:15:00,605.0,22.7,功率随辐照度上升而下降
2020-05-13 13:00:00,1064.0,6.05,功率随辐照度上升而下降
2020-05-14 10:15:00,438.0,9.93,功率随辐照度上升而下降
2020-05-14 10:30:00,577.0,8.77,功率随辐照度上升而下降
2020-05-14 13:30:00,271.0,4.26,功率随辐照度上升而下降
2020-05-15 09:30:00,568.0,15.73,功率随辐照度上升而下降
2020-05-15 10:15:00,720.0,12.63,功率随辐照度上升而下降
2020-05-15 10:30:00,750.0,9.67,功率随辐照度上升而下降
2020-05-15 10:45:00,787.0,8.8,功率随辐照度上升而下降
2020-05-15 11:00:00,828.0,7.75,功率随辐照度上升而下降
2020-05-15 11:15:00,868.0,6.97,功率随辐照度上升而下降
2020-05-15 11:30:00,902.0,5.8,功率随辐照度上升而下降
2020-05-15 11:45:00,931.0,4.73,功率随辐照度上升而下降
2020-05-16 09:15:00,510.0,13.0,功率随辐照度上升而下降
2020-05-16 09:30:00,584.0,11.25,功率随辐照度上升而下降
2020-05-16 09:45:00,644.0,9.85,功率随辐照度上升而下降
2020-05-16 10:30:00,767.0,8.61,功率随辐照度上升而下降
2020-05-16 10:45:00,805.0,5.98,功率随辐照度上升而下降
2020-05-17 10:30:00,763.0,5.57,功率随辐照度上升而下降
2020-05-18 10:00:00,684.0,17.19,功率随辐照度上升而下降
2020-05-18 10:15:00,741.0,16.57,功率随辐照度上升而下降
2020-05-18 10:45:00,793.0,18.43,功率随辐照度上升而下降
2020-05-18 11:00:00,825.0,10.0,功率随辐照度上升而下降
2020-05-18 11:15:00,879.0,6.97,功率随辐照度上升而下降
2020-05-18 15:30:00,443.0,17.22,功率随辐照度上升而下降
2020-05-18 18:00:00,273.0,9.49,功率随辐照度上升而下降
2020-05-19 11:30:00,946.0,25.77,功率随辐照度上升而下降
2020-05-19 11:45:00,981.0,23.28,功率随辐照度上升而下降
2020-05-19 12:15:00,1036.0,25.26,功率随辐照度上升而下降
2020-05-19 12:45:00,1097.0,27.78,功率随辐照度上升而下降
2020-05-20 10:30:00,947.0,22.25,功率随辐照度上升而下降
2020-05-20 12:15:00,1049.0,20.04,功率随辐照度上升而下降
2020-05-20 14:30:00,1074.0,33.13,功率随辐照度上升而下降
2020-05-21 09:00:00,353.0,8.81,功率随辐照度上升而下降
2020-05-21 11:30:00,302.0,12.47,功率随辐照度上升而下降
2020-05-21 12:45:00,1072.0,28.2,功率随辐照度上升而下降
2020-05-21 13:00:00,1318.0,19.42,功率随辐照度上升而下降
2020-05-21 13:30:00,728.0,20.69,功率随辐照度上升而下降
2020-05-21 14:00:00,1080.0,25.85,功率随辐照度上升而下降
2020-05-21 14:30:00,411.0,15.7,功率随辐照度上升而下降
2020-05-21 16:15:00,858.0,19.03,功率随辐照度上升而下降
2020-05-21 16:45:00,438.0,16.4,功率随辐照度上升而下降
2020-05-22 11:00:00,795.0,18.55,功率随辐照度上升而下降
2020-05-22 11:45:00,932.0,25.17,功率随辐照度上升而下降
2020-05-22 12:15:00,937.0,24.15,功率随辐照度上升而下降
2020-05-22 12:30:00,987.0,20.03,功率随辐照度上升而下降
2020-05-22 12:45:00,1011.0,17.93,功率随辐照度上升而下降
2020-05-22 13:00:00,1114.0,16.24,功率随辐照度上升而下降
2020-05-22 14:15:00,1168.0,16.38,功率随辐照度上升而下降
2020-05-22 16:00:00,849.0,13.35,功率随辐照度上升而下降
2020-05-23 11:00:00,879.0,18.39,功率随辐照度上升而下降
2020-05-23 11:15:00,907.0,14.51,功率随辐照度上升而下降
2020-05-23 11:30:00,954.0,12.83,功率随辐照度上升而下降
2020-05-23 15:00:00,1070.0,11.31,功率随辐照度上升而下降
2020-05-23 16:15:00,850.0,9.77,功率随辐照度上升而下降
2020-05-23 18:00:00,339.0,9.17,功率随辐照度上升而下降
2020-05-24 09:00:00,191.0,5.77,功率随辐照度上升而下降
2020-05-24 12:00:00,632.0,24.22,功率随辐照度上升而下降
2020-05-24 14:30:00,502.0,18.73,功率随辐照度上升而下降
2020-05-24 15:15:00,799.0,19.02,功率随辐照度上升而下降
2020-05-24 16:30:00,327.0,9.44,功率随辐照度上升而下降
2020-05-25 11:00:00,929.0,26.86,功率随辐照度上升而下降
2020-05-25 11:30:00,1079.0,23.52,功率随辐照度上升而下降
2020-05-25 13:15:00,1163.0,28.37,功率随辐照度上升而下降
2020-05-25 16:00:00,579.0,18.16,功率随辐照度上升而下降
2020-05-26 16:30:00,754.0,12.86,功率随辐照度上升而下降
2020-05-27 14:15:00,1217.0,22.47,功率随辐照度上升而下降
2020-05-27 17:15:00,677.0,19.09,功率随辐照度上升而下降
2020-05-28 11:15:00,481.0,9.26,功率随辐照度上升而下降
2020-05-28 12:00:00,532.0,12.45,功率随辐照度上升而下降
2020-05-28 16:45:00,71.0,1.39,功率随辐照度上升而下降
2020-05-30 09:00:00,454.0,11.71,功率随辐照度上升而下降
2020-05-30 09:15:00,534.0,10.34,功率随辐照度上升而下降
2020-05-30 10:15:00,761.0,9.33,功率随辐照度上升而下降
2020-05-30 11:15:00,900.0,7.19,功率随辐照度上升而下降
2020-05-31 10:45:00,780.0,13.55,功率随辐照度上升而下降
2020-05-31 12:00:00,942.0,11.83,功率随辐照度上升而下降
2020-05-31 12:30:00,995.0,10.22,功率随辐照度上升而下降
2020-06-03 12:45:00,1024.0,34.71,功率随辐照度上升而下降
2020-06-03 13:00:00,1050.0,33.39,功率随辐照度上升而下降
2020-06-03 17:45:00,538.0,5.54,功率随辐照度上升而下降
2020-06-04 11:00:00,897.0,24.7,功率随辐照度上升而下降
2020-06-04 12:30:00,1037.0,33.66,功率随辐照度上升而下降
2020-06-04 14:15:00,1081.0,34.04,功率随辐照度上升而下降
2020-06-04 15:00:00,1039.0,29.16,功率随辐照度上升而下降
2020-06-05 16:00:00,822.0,27.65,功率随辐照度上升而下降
2020-06-05 18:30:00,267.0,9.88,功率随辐照度上升而下降
2020-06-05 19:15:00,152.0,4.09,功率随辐照度上升而下降
2020-06-06 11:30:00,873.0,18.96,功率随辐照度上升而下降
2020-06-06 11:45:00,902.0,17.23,功率随辐照度上升而下降
2020-06-06 17:00:00,162.0,4.12,功率随辐照度上升而下降
2020-06-07 15:15:00,928.0,22.9,功率随辐照度上升而下降
2020-06-07 15:30:00,976.0,20.78,功率随辐照度上升而下降
2020-06-08 13:00:00,1111.0,38.23,功率随辐照度上升而下降
2020-06-08 13:45:00,1145.0,39.28,功率随辐照度上升而下降
2020-06-08 14:00:00,1187.0,14.46,功率随辐照度上升而下降
2020-06-09 10:45:00,803.0,27.44,功率随辐照度上升而下降
2020-06-09 12:00:00,1125.0,29.95,功率随辐照度上升而下降
2020-06-09 17:30:00,625.0,23.72,功率随辐照度上升而下降
2020-06-09 18:45:00,254.0,7.95,功率随辐照度上升而下降
2020-06-10 12:15:00,710.0,26.33,功率随辐照度上升而下降
2020-06-10 13:00:00,477.0,16.32,功率随辐照度上升而下降
2020-06-10 16:15:00,831.0,20.11,功率随辐照度上升而下降
2020-06-10 17:15:00,739.0,22.02,功率随辐照度上升而下降
2020-06-10 18:15:00,338.0,11.78,功率随辐照度上升而下降
2020-06-11 11:15:00,860.0,29.93,功率随辐照度上升而下降
2020-06-12 15:15:00,226.0,7.12,功率随辐照度上升而下降
2020-06-12 16:30:00,435.0,13.69,功率随辐照度上升而下降
2020-06-12 17:30:00,231.0,10.77,功率随辐照度上升而下降
2020-06-13 10:15:00,754.0,22.45,功率随辐照度上升而下降
2020-06-13 11:30:00,960.0,22.03,功率随辐照度上升而下降
2020-06-13 18:30:00,290.0,11.66,功率随辐照度上升而下降
2020-06-14 13:30:00,675.0,24.75,功率随辐照度上升而下降
2020-06-14 14:30:00,412.0,19.56,功率随辐照度上升而下降
2020-06-14 15:00:00,345.0,13.47,功率随辐照度上升而下降
2020-06-15 14:30:00,774.0,38.54,功率随辐照度上升而下降
2020-06-15 14:45:00,1122.0,15.19,功率随辐照度上升而下降
2020-06-15 16:15:00,827.0,26.68,功率随辐照度上升而下降
2020-06-15 18:30:00,315.0,13.33,功率随辐照度上升而下降
2020-06-15 19:15:00,133.0,5.2,功率随辐照度上升而下降
2020-06-17 13:45:00,1122.0,35.1,功率随辐照度上升而下降
2020-06-17 17:30:00,613.0,20.65,功率随辐照度上升而下降
2020-06-17 18:15:00,359.0,10.36,功率随辐照度上升而下降
2020-06-18 09:30:00,537.0,15.09,功率随辐照度上升而下降
2020-06-18 10:15:00,760.0,19.49,功率随辐照度上升而下降
2020-06-18 12:15:00,999.0,34.64,功率随辐照度上升而下降
2020-06-18 12:30:00,1035.0,30.27,功率随辐照度上升而下降
2020-06-18 16:00:00,833.0,33.1,功率随辐照度上升而下降
2020-06-19 11:00:00,795.0,28.63,功率随辐照度上升而下降
2020-06-19 19:30:00,113.0,2.82,功率随辐照度上升而下降
2020-06-20 11:30:00,878.0,27.3,功率随辐照度上升而下降
2020-06-20 14:15:00,1109.0,27.51,功率随辐照度上升而下降
2020-06-20 17:00:00,657.0,25.26,功率随辐照度上升而下降
2020-06-20 17:30:00,573.0,19.65,功率随辐照度上升而下降
2020-06-20 18:15:00,340.0,13.57,功率随辐照度上升而下降
2020-06-21 17:00:00,688.0,15.24,功率随辐照度上升而下降
2020-06-22 15:45:00,1002.0,22.87,功率随辐照度上升而下降
2020-06-22 16:15:00,793.0,20.51,功率随辐照度上升而下降
2020-06-22 16:30:00,850.0,17.59,功率随辐照度上升而下降
2020-06-23 12:45:00,1149.0,36.92,功率随辐照度上升而下降
2020-06-23 14:00:00,1134.0,34.93,功率随辐照度上升而下降
2020-06-23 15:15:00,1040.0,31.26,功率随辐照度上升而下降
2020-06-23 16:30:00,800.0,21.64,功率随辐照度上升而下降
2020-06-23 17:15:00,688.0,15.86,功率随辐照度上升而下降
2020-06-23 18:30:00,298.0,12.97,功率随辐照度上升而下降
2020-06-23 19:30:00,133.0,3.55,功率随辐照度上升而下降
2020-06-24 13:00:00,1186.0,30.44,功率随辐照度上升而下降
2020-06-24 18:15:00,340.0,13.79,功率随辐照度上升而下降
2020-06-25 09:30:00,281.0,9.03,功率随辐照度上升而下降
2020-06-25 13:00:00,1065.0,32.0,功率随辐照度上升而下降
2020-06-25 16:15:00,769.0,23.86,功率随辐照度上升而下降
2020-06-25 18:30:00,249.0,11.53,功率随辐照度上升而下降
2020-06-27 10:45:00,140.0,4.33,功率随辐照度上升而下降
2020-06-27 13:00:00,1109.0,31.69,功率随辐照度上升而下降
2020-06-28 11:00:00,883.0,17.0,功率随辐照度上升而下降
2020-06-28 12:45:00,1094.0,31.2,功率随辐照度上升而下降
2020-06-28 13:15:00,1154.0,39.515,功率随辐照度上升而下降
2020-06-28 16:15:00,830.0,25.92,功率随辐照度上升而下降
2020-06-28 16:45:00,830.0,12.87,功率随辐照度上升而下降
2020-06-28 18:00:00,454.0,8.08,功率随辐照度上升而下降
2020-06-29 11:15:00,845.0,25.12,功率随辐照度上升而下降
2020-06-29 15:45:00,651.0,19.35,功率随辐照度上升而下降
2020-06-29 16:30:00,713.0,27.71,功率随辐照度上升而下降
2020-07-02 11:00:00,875.0,25.73,功率随辐照度上升而下降
2020-07-02 11:30:00,818.0,18.99,功率随辐照度上升而下降
2020-07-02 12:15:00,953.0,11.67,功率随辐照度上升而下降
2020-07-02 15:45:00,506.0,20.33,功率随辐照度上升而下降
2020-07-02 17:00:00,736.0,22.08,功率随辐照度上升而下降
2020-07-03 15:30:00,935.0,14.47,功率随辐照度上升而下降
2020-07-04 18:15:00,349.0,13.42,功率随辐照度上升而下降
2020-07-05 10:45:00,767.0,21.95,功率随辐照度上升而下降
2020-07-06 10:30:00,742.0,24.3,功率随辐照度上升而下降
2020-07-06 11:30:00,897.0,29.13,功率随辐照度上升而下降
2020-07-06 11:45:00,931.0,21.97,功率随辐照度上升而下降
2020-07-06 12:00:00,974.0,19.42,功率随辐照度上升而下降
2020-07-06 13:15:00,1148.0,32.64,功率随辐照度上升而下降
2020-07-06 13:45:00,1139.0,28.02,功率随辐照度上升而下降
2020-07-06 16:15:00,354.0,13.42,功率随辐照度上升而下降
2020-07-06 16:45:00,403.0,13.62,功率随辐照度上升而下降
2020-07-06 17:30:00,346.0,11.83,功率随辐照度上升而下降
2020-07-07 08:45:00,331.0,7.94,功率随辐照度上升而下降
2020-07-07 10:00:00,681.0,13.73,功率随辐照度上升而下降
2020-07-07 16:15:00,704.0,15.08,功率随辐照度上升而下降
2020-07-07 17:15:00,592.0,10.2,功率随辐照度上升而下降
2020-07-08 13:00:00,1052.0,33.52,功率随辐照度上升而下降
2020-07-08 13:45:00,1103.0,17.8,功率随辐照度上升而下降
2020-07-09 12:15:00,982.0,31.62,功率随辐照度上升而下降
2020-07-09 13:00:00,1068.0,36.91,功率随辐照度上升而下降
2020-07-09 17:45:00,529.0,19.23,功率随辐照度上升而下降
2020-07-09 19:00:00,196.0,7.55,功率随辐照度上升而下降
2020-07-10 11:00:00,582.0,20.21,功率随辐照度上升而下降
2020-07-10 11:45:00,955.0,23.72,功率随辐照度上升而下降
2020-07-10 12:45:00,1176.0,35.91,功率随辐照度上升而下降
2020-07-10 14:00:00,968.0,19.18,功率随辐照度上升而下降
2020-07-10 14:45:00,446.0,13.06,功率随辐照度上升而下降
2020-07-10 16:00:00,462.0,17.53,功率随辐照度上升而下降
2020-07-10 17:45:00,510.0,15.28,功率随辐照度上升而下降
2020-07-11 14:00:00,529.0,24.86,功率随辐照度上升而下降
2020-07-12 10:30:00,703.0,11.39,功率随辐照度上升而下降
2020-07-12 11:00:00,801.0,20.3,功率随辐照度上升而下降
2020-07-13 10:30:00,574.0,17.56,功率随辐照度上升而下降
2020-07-13 11:00:00,605.0,19.23,功率随辐照度上升而下降
2020-07-13 15:30:00,900.0,23.54,功率随辐照度上升而下降
2020-07-13 18:15:00,458.0,11.04,功率随辐照度上升而下降
2020-07-14 18:30:00,303.0,11.95,功率随辐照度上升而下降
2020-07-15 11:15:00,898.0,23.37,功率随辐照度上升而下降
2020-07-16 10:30:00,198.0,7.28,功率随辐照度上升而下降
2020-07-16 13:30:00,216.0,6.61,功率随辐照度上升而下降
2020-07-17 10:15:00,739.0,13.37,功率随辐照度上升而下降
2020-07-17 12:00:00,1093.0,33.34,功率随辐照度上升而下降
2020-07-19 12:15:00,609.0,22.15,功率随辐照度上升而下降
2020-07-19 14:45:00,1014.0,33.5,功率随辐照度上升而下降
2020-07-19 15:30:00,1014.0,32.89,功率随辐照度上升而下降
2020-07-19 17:00:00,581.0,25.83,功率随辐照度上升而下降
2020-07-19 17:45:00,493.0,11.89,功率随辐照度上升而下降
2020-07-20 15:45:00,910.0,29.51,功率随辐照度上升而下降
2020-07-20 17:15:00,455.0,17.28,功率随辐照度上升而下降
2020-07-21 16:15:00,324.0,13.11,功率随辐照度上升而下降
2020-07-21 17:00:00,256.0,9.02,功率随辐照度上升而下降
2020-07-22 10:45:00,236.0,9.04,功率随辐照度上升而下降
2020-07-22 13:00:00,602.0,19.37,功率随辐照度上升而下降
2020-07-22 14:45:00,1203.0,26.61,功率随辐照度上升而下降
2020-07-23 09:15:00,302.0,7.41,功率随辐照度上升而下降
2020-07-23 16:30:00,781.0,27.48,功率随辐照度上升而下降
2020-07-23 17:30:00,613.0,23.27,功率随辐照度上升而下降
2020-07-23 18:00:00,435.0,18.02,功率随辐照度上升而下降
2020-07-24 09:00:00,206.0,5.28,功率随辐照度上升而下降
2020-07-24 11:30:00,906.0,27.25,功率随辐照度上升而下降
2020-07-24 16:15:00,856.0,22.14,功率随辐照度上升而下降
2020-07-26 12:30:00,988.0,28.68,功率随辐照度上升而下降
2020-07-26 12:45:00,1011.0,27.74,功率随辐照度上升而下降
2020-07-28 09:15:00,465.0,12.94,功率随辐照度上升而下降
2020-07-28 09:45:00,632.0,18.59,功率随辐照度上升而下降
2020-07-28 10:45:00,684.0,12.18,功率随辐照度上升而下降
2020-07-28 11:15:00,394.0,13.58,功率随辐照度上升而下降
2020-07-28 12:45:00,293.0,10.33,功率随辐照度上升而下降
2020-07-29 11:30:00,928.0,31.66,功率随辐照度上升而下降
2020-07-29 13:30:00,1021.0,38.70333333333333,功率随辐照度上升而下降
2020-07-29 13:45:00,1112.0,38.02666666666667,功率随辐照度上升而下降
2020-07-29 16:30:00,774.0,30.6,功率随辐照度上升而下降
2020-07-29 17:00:00,648.0,23.55,功率随辐照度上升而下降
2020-07-29 17:45:00,531.0,20.32,功率随辐照度上升而下降
2020-07-29 18:30:00,313.0,6.58,功率随辐照度上升而下降
2020-07-30 09:15:00,302.0,8.12,功率随辐照度上升而下降
2020-07-30 09:45:00,488.0,8.47,功率随辐照度上升而下降
2020-07-30 10:15:00,402.0,12.46,功率随辐照度上升而下降
2020-07-30 10:45:00,612.0,21.29,功率随辐照度上升而下降
2020-07-30 11:45:00,974.0,16.93,功率随辐照度上升而下降
2020-07-30 12:45:00,1156.0,28.24,功率随辐照度上升而下降
2020-07-30 13:15:00,827.0,23.04,功率随辐照度上升而下降
2020-07-30 14:45:00,1248.0,13.93,功率随辐照度上升而下降
2020-07-31 12:00:00,969.0,35.79,功率随辐照度上升而下降
2020-08-02 14:00:00,1140.0,31.88,功率随辐照度上升而下降
2020-08-02 14:45:00,1117.0,27.45,功率随辐照度上升而下降
2020-08-03 10:30:00,447.0,16.7,功率随辐照度上升而下降
2020-08-03 11:00:00,610.0,20.22,功率随辐照度上升而下降
2020-08-03 13:15:00,1189.0,23.66,功率随辐照度上升而下降
2020-08-04 15:45:00,929.0,22.77,功率随辐照度上升而下降
2020-08-05 10:45:00,851.0,21.18,功率随辐照度上升而下降
2020-08-05 12:45:00,877.0,21.13,功率随辐照度上升而下降
2020-08-05 14:30:00,1062.0,24.32,功率随辐照度上升而下降
2020-08-05 15:15:00,1124.0,20.19,功率随辐照度上升而下降
2020-08-05 17:15:00,616.0,23.57,功率随辐照度上升而下降
2020-08-06 11:15:00,851.0,24.99,功率随辐照度上升而下降
2020-08-06 11:30:00,891.0,22.08,功率随辐照度上升而下降
2020-08-06 11:45:00,921.0,20.87,功率随辐照度上升而下降
2020-08-06 16:15:00,785.0,24.18,功率随辐照度上升而下降
2020-08-07 10:30:00,768.0,12.1,功率随辐照度上升而下降
2020-08-07 12:00:00,947.0,33.85,功率随辐照度上升而下降
2020-08-08 09:30:00,551.0,7.69,功率随辐照度上升而下降
2020-08-08 10:00:00,703.0,12.48,功率随辐照度上升而下降
2020-08-08 12:15:00,967.0,23.91,功率随辐照度上升而下降
2020-08-08 13:15:00,1070.0,23.79,功率随辐照度上升而下降
2020-08-08 15:30:00,1008.0,25.89,功率随辐照度上升而下降
2020-08-09 11:00:00,946.0,18.61,功率随辐照度上升而下降
2020-08-09 12:00:00,1136.0,18.68,功率随辐照度上升而下降
2020-08-09 12:45:00,1200.0,26.85,功率随辐照度上升而下降
2020-08-09 14:00:00,1163.0,24.3,功率随辐照度上升而下降
2020-08-10 09:00:00,350.0,5.75,功率随辐照度上升而下降
2020-08-10 11:45:00,1125.0,24.85,功率随辐照度上升而下降
2020-08-10 12:45:00,620.0,16.49,功率随辐照度上升而下降
2020-08-10 17:00:00,325.0,10.07,功率随辐照度上升而下降
2020-08-10 18:00:00,320.0,9.96,功率随辐照度上升而下降
2020-08-11 10:15:00,172.0,7.72,功率随辐照度上升而下降
2020-08-11 14:30:00,268.0,10.46,功率随辐照度上升而下降
2020-08-11 16:45:00,795.0,29.39,功率随辐照度上升而下降
2020-08-11 17:30:00,616.0,18.9,功率随辐照度上升而下降
2020-08-11 19:00:00,218.0,6.33,功率随辐照度上升而下降
2020-08-12 18:45:00,162.0,3.49,功率随辐照度上升而下降
2020-08-13 09:45:00,583.0,17.2,功率随辐照度上升而下降
2020-08-13 10:30:00,711.0,23.97,功率随辐照度上升而下降
2020-08-13 17:45:00,506.0,20.59,功率随辐照度上升而下降
2020-08-14 10:45:00,155.0,6.75,功率随辐照度上升而下降
2020-08-14 11:45:00,378.0,16.94,功率随辐照度上升而下降
2020-08-14 12:00:00,504.0,16.13,功率随辐照度上升而下降
2020-08-14 13:15:00,612.0,12.04,功率随辐照度上升而下降
2020-08-14 15:00:00,658.0,18.23,功率随辐照度上升而下降
2020-08-14 15:30:00,1132.0,20.01,功率随辐照度上升而下降
2020-08-15 10:45:00,646.0,7.04,功率随辐照度上升而下降
2020-08-15 13:15:00,1018.0,26.06,功率随辐照度上升而下降
2020-08-15 17:45:00,494.0,21.15,功率随辐照度上升而下降
2020-08-16 12:00:00,965.0,22.43,功率随辐照度上升而下降
2020-08-16 13:15:00,1165.0,27.83,功率随辐照度上升而下降
2020-08-16 14:00:00,1114.5,25.69,功率随辐照度上升而下降
2020-08-16 14:15:00,1143.0,24.43,功率随辐照度上升而下降
2020-08-16 17:45:00,186.0,9.0,功率随辐照度上升而下降
2020-08-19 09:30:00,457.0,16.49,功率随辐照度上升而下降
2020-08-19 10:15:00,411.0,17.81,功率随辐照度上升而下降
2020-08-19 12:30:00,1007.0,34.83,功率随辐照度上升而下降
2020-08-19 13:00:00,1074.0,28.34,功率随辐照度上升而下降
2020-08-20 11:00:00,348.0,10.66,功率随辐照度上升而下降
2020-08-21 12:15:00,616.0,27.56,功率随辐照度上升而下降
2020-08-21 15:30:00,1020.0,31.79,功率随辐照度上升而下降
2020-08-21 16:45:00,697.0,27.45,功率随辐照度上升而下降
2020-08-22 09:30:00,453.0,10.68,功率随辐照度上升而下降
2020-08-22 10:45:00,819.0,28.85,功率随辐照度上升而下降
2020-08-22 12:00:00,1020.0,25.99,功率随辐照度上升而下降
2020-08-22 19:00:00,92.0,2.38,功率随辐照度上升而下降
2020-08-24 14:00:00,1010.0,40.39,功率随辐照度上升而下降
2020-08-24 16:00:00,854.0,25.02,功率随辐照度上升而下降
2020-08-24 17:00:00,422.0,16.22,功率随辐照度上升而下降
2020-08-26 10:00:00,575.0,19.3,功率随辐照度上升而下降
2020-08-26 11:15:00,804.0,18.7,功率随辐照度上升而下降
2020-08-27 11:30:00,917.0,34.21,功率随辐照度上升而下降
2020-08-27 11:45:00,942.0,32.86,功率随辐照度上升而下降
2020-08-28 11:45:00,324.0,12.78,功率随辐照度上升而下降
2020-08-28 12:30:00,353.0,13.96,功率随辐照度上升而下降
2020-08-28 13:30:00,590.0,21.21,功率随辐照度上升而下降
2020-08-28 14:15:00,1023.0,24.11,功率随辐照度上升而下降
2020-08-28 14:30:00,1074.0,22.42,功率随辐照度上升而下降
2020-08-28 17:00:00,803.0,21.05,功率随辐照度上升而下降
2020-08-28 18:00:00,542.0,13.67,功率随辐照度上升而下降
2020-08-28 18:30:00,141.0,5.09,功率随辐照度上升而下降
2020-08-28 19:30:00,78.0,2.26,功率随辐照度上升而下降
2020-08-29 11:45:00,673.0,30.51,功率随辐照度上升而下降
2020-08-29 12:00:00,1136.0,28.29,功率随辐照度上升而下降
2020-08-29 13:00:00,1225.0,24.26,功率随辐照度上升而下降
2020-08-29 13:30:00,1024.0,19.03,功率随辐照度上升而下降
2020-08-29 18:15:00,433.0,8.77,功率随辐照度上升而下降
2020-08-30 09:45:00,545.0,17.36,功率随辐照度上升而下降
2020-08-30 11:45:00,901.0,35.29,功率随辐照度上升而下降
2020-08-30 14:30:00,1079.0,35.27,功率随辐照度上升而下降
2020-09-02 10:00:00,776.0,18.61,功率随辐照度上升而下降
2020-09-02 11:15:00,832.0,23.7,功率随辐照度上升而下降
2020-09-02 17:15:00,819.0,13.89,功率随辐照度上升而下降
2020-09-05 09:15:00,414.0,13.61,功率随辐照度上升而下降
2020-09-05 09:30:00,520.0,9.63,功率随辐照度上升而下降
2020-09-07 11:00:00,521.0,19.73,功率随辐照度上升而下降
2020-09-08 16:45:00,702.0,27.4,功率随辐照度上升而下降
2020-09-10 11:00:00,810.0,27.75,功率随辐照度上升而下降
2020-09-10 14:00:00,1072.0,30.75,功率随辐照度上升而下降
2020-09-10 14:15:00,1172.0,24.13,功率随辐照度上升而下降
2020-09-10 18:45:00,227.0,5.4,功率随辐照度上升而下降
2020-09-11 08:30:00,97.0,2.04,功率随辐照度上升而下降
2020-09-11 09:15:00,162.0,7.46,功率随辐照度上升而下降
2020-09-11 11:45:00,389.0,21.05,功率随辐照度上升而下降
2020-09-11 13:45:00,1039.0,19.83,功率随辐照度上升而下降
2020-09-11 16:45:00,723.0,28.75,功率随辐照度上升而下降
2020-09-12 11:15:00,879.0,31.72,功率随辐照度上升而下降
2020-09-13 10:30:00,780.0,28.71,功率随辐照度上升而下降
2020-09-14 10:15:00,563.0,18.94,功率随辐照度上升而下降
2020-09-16 11:00:00,396.0,13.77,功率随辐照度上升而下降
2020-09-16 12:00:00,765.0,20.37,功率随辐照度上升而下降
2020-09-16 13:00:00,1058.0,36.43,功率随辐照度上升而下降
2020-09-16 13:45:00,1102.0,39.76,功率随辐照度上升而下降
2020-09-19 10:45:00,758.0,27.13,功率随辐照度上升而下降
2020-09-19 11:00:00,829.0,22.95,功率随辐照度上升而下降
2020-09-20 11:45:00,974.0,35.02,功率随辐照度上升而下降
2020-09-20 12:45:00,1029.0,39.06,功率随辐照度上升而下降
2020-09-20 17:15:00,588.0,20.05,功率随辐照度上升而下降
2020-09-21 15:00:00,723.0,30.67,功率随辐照度上升而下降
2020-09-24 09:30:00,464.0,13.58,功率随辐照度上升而下降
2020-09-24 11:30:00,900.0,24.83,功率随辐照度上升而下降
2020-09-24 12:30:00,1085.0,34.83,功率随辐照度上升而下降
2020-09-24 13:00:00,962.0,26.62,功率随辐照度上升而下降
2020-09-24 13:30:00,979.0,24.84,功率随辐照度上升而下降
2020-09-25 12:15:00,893.0,26.05,功率随辐照度上升而下降
2020-09-25 12:45:00,930.0,24.62,功率随辐照度上升而下降
2020-09-25 16:45:00,591.0,23.71,功率随辐照度上升而下降
2020-09-26 11:15:00,824.0,30.16,功率随辐照度上升而下降
2020-09-26 11:30:00,870.0,26.91,功率随辐照度上升而下降
2020-09-27 12:30:00,966.0,39.62,功率随辐照度上升而下降
2020-09-27 14:00:00,1062.0,36.61,功率随辐照度上升而下降
2020-09-27 17:00:00,378.0,11.61,功率随辐照度上升而下降
2020-09-28 11:00:00,572.0,24.35,功率随辐照度上升而下降
2020-09-28 11:30:00,655.0,25.36,功率随辐照度上升而下降
2020-09-28 12:45:00,1065.0,38.99,功率随辐照度上升而下降
2020-09-29 14:30:00,1040.0,37.16,功率随辐照度上升而下降
2020-09-29 15:00:00,899.0,33.39,功率随辐照度上升而下降
2020-09-29 17:30:00,349.0,10.41,功率随辐照度上升而下降
2020-10-01 13:00:00,1087.0,40.68,功率随辐照度上升而下降
2020-10-01 17:00:00,619.0,22.14,功率随辐照度上升而下降
2020-10-02 09:30:00,294.0,12.08,功率随辐照度上升而下降
2020-10-02 13:15:00,1121.0,42.93,功率随辐照度上升而下降
2020-10-04 13:00:00,1068.0,35.78,功率随辐照度上升而下降
2020-10-07 12:30:00,256.0,11.13,功率随辐照度上升而下降
2020-10-07 13:30:00,684.0,19.09,功率随辐照度上升而下降
2020-10-07 14:00:00,765.0,22.3,功率随辐照度上升而下降
2020-10-07 14:45:00,927.0,22.17,功率随辐照度上升而下降
2020-10-07 16:30:00,448.0,11.85,功率随辐照度上升而下降
2020-10-07 17:15:00,354.0,13.43,功率随辐照度上升而下降
2020-10-07 18:15:00,180.0,3.18,功率随辐照度上升而下降
2020-10-09 17:15:00,421.0,15.02,功率随辐照度上升而下降
2020-10-10 10:45:00,556.0,23.99,功率随辐照度上升而下降
2020-10-10 11:30:00,863.0,24.6,功率随辐照度上升而下降
2020-10-13 10:15:00,611.0,19.07,功率随辐照度上升而下降
2020-10-13 11:30:00,834.0,30.31,功率随辐照度上升而下降
2020-10-13 12:45:00,747.0,26.78,功率随辐照度上升而下降
2020-10-13 14:45:00,869.0,21.04,功率随辐照度上升而下降
2020-10-13 17:45:00,349.0,12.07,功率随辐照度上升而下降
2020-10-18 18:00:00,211.0,4.45,功率随辐照度上升而下降
2020-10-19 12:45:00,1037.0,33.07,功率随辐照度上升而下降
2020-10-19 13:15:00,1082.0,30.25,功率随辐照度上升而下降
2020-10-19 17:15:00,477.0,15.18,功率随辐照度上升而下降
2020-10-20 12:15:00,1001.0,33.16,功率随辐照度上升而下降
2020-10-23 10:30:00,654.0,13.5,功率随辐照度上升而下降
2020-10-23 12:45:00,844.0,7.12,功率随辐照度上升而下降
2020-10-23 16:45:00,643.0,21.12,功率随辐照度上升而下降
2020-10-24 09:15:00,302.0,6.83,功率随辐照度上升而下降
2020-10-25 09:45:00,452.0,8.11,功率随辐照度上升而下降
2020-10-25 10:00:00,540.0,7.39,功率随辐照度上升而下降
2020-10-25 10:15:00,587.0,6.42,功率随辐照度上升而下降
2020-10-25 10:30:00,639.0,5.7,功率随辐照度上升而下降
2020-10-25 11:45:00,890.0,4.75,功率随辐照度上升而下降
2020-10-26 12:00:00,1045.0,26.61,功率随辐照度上升而下降
2020-10-26 14:30:00,1036.0,39.46,功率随辐照度上升而下降
2020-10-26 17:00:00,532.0,16.77,功率随辐照度上升而下降
2020-10-27 11:15:00,637.0,25.43,功率随辐照度上升而下降
2020-10-27 11:45:00,713.0,25.94,功率随辐照度上升而下降
2020-10-27 12:00:00,739.0,23.91,功率随辐照度上升而下降
2020-10-27 12:45:00,841.0,21.09,功率随辐照度上升而下降
2020-10-27 13:15:00,931.0,12.08,功率随辐照度上升而下降
2020-10-27 13:30:00,972.0,7.53,功率随辐照度上升而下降
2020-10-29 10:30:00,654.0,17.62,功率随辐照度上升而下降
2020-10-29 10:45:00,699.0,16.14,功率随辐照度上升而下降
2020-10-29 11:15:00,812.0,16.34,功率随辐照度上升而下降
2020-10-29 11:45:00,942.0,15.34,功率随辐照度上升而下降
2020-10-29 12:15:00,942.0,11.15,功率随辐照度上升而下降
2020-10-29 12:30:00,1040.0,10.62,功率随辐照度上升而下降
2020-10-29 12:45:00,1093.0,9.61,功率随辐照度上升而下降
2020-10-29 14:15:00,810.0,11.55,功率随辐照度上升而下降
2020-10-30 11:15:00,737.0,24.77,功率随辐照度上升而下降
2020-10-30 11:45:00,823.0,24.21,功率随辐照度上升而下降
2020-10-30 12:00:00,851.0,21.08,功率随辐照度上升而下降
2020-10-30 12:15:00,933.0,18.01,功率随辐照度上升而下降
2020-10-30 12:45:00,451.0,13.23,功率随辐照度上升而下降
2020-10-30 13:00:00,1034.0,9.51,功率随辐照度上升而下降
2020-10-31 10:45:00,721.0,25.44,功率随辐照度上升而下降
2020-10-31 11:00:00,775.0,17.05,功率随辐照度上升而下降
2020-10-31 11:15:00,825.0,12.82,功率随辐照度上升而下降
2020-10-31 12:00:00,969.0,11.19,功率随辐照度上升而下降
2020-10-31 12:45:00,1071.0,9.05,功率随辐照度上升而下降
2020-11-02 12:00:00,907.0,31.63,功率随辐照度上升而下降
2020-11-04 11:45:00,861.0,27.84,功率随辐照度上升而下降
2020-11-04 12:00:00,911.0,22.09,功率随辐照度上升而下降
2020-11-04 12:15:00,956.0,19.31,功率随辐照度上升而下降
2020-11-04 12:30:00,981.0,18.02,功率随辐照度上升而下降
2020-11-04 12:45:00,1005.0,16.06,功率随辐照度上升而下降
2020-11-04 13:00:00,1032.0,14.73,功率随辐照度上升而下降
2020-11-05 10:30:00,638.0,16.87,功率随辐照度上升而下降
2020-11-05 10:45:00,698.0,14.15,功率随辐照度上升而下降
2020-11-05 11:30:00,820.0,9.24,功率随辐照度上升而下降
2020-11-05 11:45:00,878.0,8.62,功率随辐照度上升而下降
2020-11-05 12:15:00,974.0,7.47,功率随辐照度上升而下降
2020-11-06 10:45:00,679.0,16.69,功率随辐照度上升而下降
2020-11-06 11:00:00,721.0,13.13,功率随辐照度上升而下降
2020-11-06 11:15:00,772.0,10.38,功率随辐照度上升而下降
2020-11-06 11:30:00,813.0,9.7,功率随辐照度上升而下降
2020-11-07 12:30:00,996.0,36.99,功率随辐照度上升而下降
2020-11-07 12:45:00,1024.0,32.96,功率随辐照度上升而下降
2020-11-07 13:00:00,1050.0,29.74,功率随辐照度上升而下降
2020-11-08 12:45:00,1061.0,39.1,功率随辐照度上升而下降
2020-11-08 13:00:00,1090.0,31.68,功率随辐照度上升而下降
2020-11-09 12:30:00,990.0,36.4,功率随辐照度上升而下降
2020-11-09 12:45:00,1027.0,26.93,功率随辐照度上升而下降
2020-11-09 13:00:00,1055.0,21.86,功率随辐照度上升而下降
2020-11-09 13:15:00,1082.0,19.59,功率随辐照度上升而下降
2020-11-09 13:45:00,1076.0,17.82,功率随辐照度上升而下降
2020-11-10 11:45:00,715.0,12.7,功率随辐照度上升而下降
2020-11-10 12:30:00,949.0,12.22,功率随辐照度上升而下降
2020-11-12 12:15:00,925.0,23.8,功率随辐照度上升而下降
2020-11-12 12:45:00,985.0,21.84,功率随辐照度上升而下降
2020-11-12 13:00:00,1007.0,18.52,功率随辐照度上升而下降
2020-11-13 12:45:00,1001.0,37.75,功率随辐照度上升而下降
2020-11-13 13:00:00,1026.0,31.09,功率随辐照度上升而下降
2020-11-14 10:45:00,686.0,26.03,功率随辐照度上升而下降
2020-11-15 13:45:00,701.0,14.99,功率随辐照度上升而下降
2020-11-15 14:15:00,611.0,14.61,功率随辐照度上升而下降
2020-11-15 15:15:00,392.0,13.75,功率随辐照度上升而下降
2020-11-16 12:45:00,824.0,26.77,功率随辐照度上升而下降
2020-11-16 13:00:00,851.0,19.33,功率随辐照度上升而下降
2020-11-16 16:15:00,440.0,16.74,功率随辐照度上升而下降
2020-11-17 13:15:00,603.0,20.9,功率随辐照度上升而下降
2020-11-18 12:15:00,922.0,32.56,功率随辐照度上升而下降
2020-11-18 14:30:00,994.0,39.13,功率随辐照度上升而下降
2020-11-18 15:15:00,855.0,34.32,功率随辐照度上升而下降
2020-11-19 11:45:00,828.0,32.7,功率随辐照度上升而下降
2020-11-19 12:00:00,866.0,31.61,功率随辐照度上升而下降
2020-11-19 12:15:00,907.0,30.34,功率随辐照度上升而下降
2020-11-19 12:45:00,965.0,29.04,功率随辐照度上升而下降
2020-11-19 13:00:00,997.0,26.22,功率随辐照度上升而下降
2020-11-19 18:00:00,65.0,0.21,功率随辐照度上升而下降
2020-11-20 12:30:00,328.0,12.35,功率随辐照度上升而下降
2020-11-20 13:30:00,751.0,25.01,功率随辐照度上升而下降
2020-11-20 17:00:00,277.0,11.3,功率随辐照度上升而下降
2020-11-24 14:30:00,633.0,21.68,功率随辐照度上升而下降
2020-11-27 11:45:00,752.0,29.23,功率随辐照度上升而下降
2020-11-27 12:00:00,800.0,21.47,功率随辐照度上升而下降
2020-11-27 12:15:00,828.0,20.46,功率随辐照度上升而下降
2020-11-28 11:00:00,463.0,19.42,功率随辐照度上升而下降
2020-11-28 14:15:00,610.0,22.03,功率随辐照度上升而下降
2020-11-28 14:45:00,541.0,24.07,功率随辐照度上升而下降
2020-11-28 15:30:00,598.0,20.5,功率随辐照度上升而下降
2020-11-29 12:00:00,837.0,33.53,功率随辐照度上升而下降
2020-11-29 13:00:00,991.0,18.98,功率随辐照度上升而下降
2020-11-29 14:45:00,628.0,24.49,功率随辐照度上升而下降
2020-11-29 16:45:00,477.0,11.96,功率随辐照度上升而下降
2020-11-30 15:00:00,409.0,17.09,功率随辐照度上升而下降
2020-12-01 11:30:00,160.0,7.48,功率随辐照度上升而下降
2020-12-01 13:30:00,532.0,25.45,功率随辐照度上升而下降
2020-12-04 10:45:00,539.0,20.36,功率随辐照度上升而下降
2020-12-06 16:00:00,641.0,27.67,功率随辐照度上升而下降
2020-12-07 16:45:00,576.0,19.09,功率随辐照度上升而下降
2020-12-09 15:45:00,694.0,29.73,功率随辐照度上升而下降
2020-12-10 15:45:00,664.0,28.59,功率随辐照度上升而下降
2020-12-11 12:15:00,777.0,28.99,功率随辐照度上升而下降
2020-12-11 12:30:00,819.0,27.93,功率随辐照度上升而下降
2020-12-11 13:00:00,862.0,25.31,功率随辐照度上升而下降
2020-12-11 15:45:00,598.0,24.16,功率随辐照度上升而下降
2020-12-12 11:30:00,747.0,29.85,功率随辐照度上升而下降
2020-12-12 11:45:00,776.0,24.83,功率随辐照度上升而下降
2020-12-12 12:00:00,821.0,21.32,功率随辐照度上升而下降
2020-12-12 12:15:00,853.0,17.74,功率随辐照度上升而下降
2020-12-12 12:30:00,894.0,15.8,功率随辐照度上升而下降
2020-12-12 13:00:00,950.0,14.71,功率随辐照度上升而下降
2020-12-13 10:45:00,630.0,19.54,功率随辐照度上升而下降
2020-12-13 15:45:00,690.0,31.46,功率随辐照度上升而下降
2020-12-14 15:45:00,700.0,31.25,功率随辐照度上升而下降
2020-12-18 13:00:00,669.0,22.06,功率随辐照度上升而下降
2020-12-18 15:30:00,657.0,21.14,功率随辐照度上升而下降
2020-12-18 16:00:00,626.0,25.75,功率随辐照度上升而下降
2020-12-20 12:00:00,762.0,25.31,功率随辐照度上升而下降
2020-12-21 12:45:00,833.0,32.16,功率随辐照度上升而下降
2020-12-21 13:00:00,905.0,30.39,功率随辐照度上升而下降
2020-12-22 13:30:00,728.0,24.12,功率随辐照度上升而下降
2020-12-22 13:45:00,865.0,22.38,功率随辐照度上升而下降
2020-12-22 17:15:00,209.0,3.84,功率随辐照度上升而下降
2020-12-27 14:00:00,691.0,25.28,功率随辐照度上升而下降
2020-12-27 15:00:00,770.0,29.56,功率随辐照度上升而下降
2020-12-28 11:15:00,582.0,18.92,功率随辐照度上升而下降
2020-12-28 11:45:00,690.0,18.01,功率随辐照度上升而下降
2020-12-28 12:30:00,795.0,9.95,功率随辐照度上升而下降
2020-12-28 12:45:00,872.0,8.5,功率随辐照度上升而下降
2020-12-29 12:15:00,826.0,27.32,功率随辐照度上升而下降
2020-12-29 12:30:00,857.0,26.13,功率随辐照度上升而下降
2020-12-29 13:00:00,912.0,25.52,功率随辐照度上升而下降
2020-12-30 12:15:00,793.0,27.05,功率随辐照度上升而下降
2020-12-30 13:15:00,921.0,36.25,功率随辐照度上升而下降
2020-12-30 13:30:00,947.0,34.76,功率随辐照度上升而下降
2020-12-30 16:15:00,564.0,11.21,功率随辐照度上升而下降
2020-12-31 11:45:00,689.0,23.39,功率随辐照度上升而下降
2020-12-31 12:15:00,792.0,18.33,功率随辐照度上升而下降
2020-12-31 14:15:00,912.0,38.87,功率随辐照度上升而下降
2019-01-09 14:00:00,875.0,16.25,辐照度稳定但功率大幅波动
2019-01-09 14:15:00,866.0,16.42,辐照度稳定但功率大幅波动
2019-01-19 13:15:00,522.0,25.52,辐照度稳定但功率大幅波动
2019-01-19 13:30:00,510.0,26.82,辐照度稳定但功率大幅波动
2019-01-22 14:15:00,996.0,31.03,辐照度稳定但功率大幅波动
2019-01-28 11:00:00,146.0,10.81,辐照度稳定但功率大幅波动
2019-01-28 16:00:00,140.0,14.68,辐照度稳定但功率大幅波动
2019-02-01 14:00:00,952.0,35.01,辐照度稳定但功率大幅波动
2019-02-09 18:00:00,155.0,4.55,辐照度稳定但功率大幅波动
2019-02-15 13:30:00,1061.0,27.7,辐照度稳定但功率大幅波动
2019-02-15 14:30:00,1111.0,21.22,辐照度稳定但功率大幅波动
2019-02-20 13:45:00,1092.0,40.07,辐照度稳定但功率大幅波动
2019-02-20 14:00:00,1065.0,40.94,辐照度稳定但功率大幅波动
2019-02-24 14:30:00,906.0,34.39,辐照度稳定但功率大幅波动
2019-03-16 14:15:00,1135.0,44.28,辐照度稳定但功率大幅波动
2019-03-16 14:30:00,1122.0,44.35,辐照度稳定但功率大幅波动
2019-03-28 12:30:00,1004.0,43.3,辐照度稳定但功率大幅波动
2019-03-28 14:45:00,1110.0,42.4,辐照度稳定但功率大幅波动
2019-03-28 15:00:00,1103.0,42.08,辐照度稳定但功率大幅波动
2019-03-30 12:30:00,1027.0,36.77,辐照度稳定但功率大幅波动
2019-03-30 14:15:00,1126.0,29.14,辐照度稳定但功率大幅波动
2019-03-30 14:30:00,1127.0,29.21,辐照度稳定但功率大幅波动
2019-03-30 14:45:00,1123.0,28.75,辐照度稳定但功率大幅波动
2019-04-01 10:45:00,266.0,14.67,辐照度稳定但功率大幅波动
2019-04-09 12:15:00,978.0,46.67,辐照度稳定但功率大幅波动
2019-04-12 10:15:00,211.0,11.84,辐照度稳定但功率大幅波动
2019-04-12 13:00:00,1030.0,43.79,辐照度稳定但功率大幅波动
2019-04-12 13:15:00,1029.0,44.11,辐照度稳定但功率大幅波动
2019-04-12 13:30:00,1050.0,44.2,辐照度稳定但功率大幅波动
2019-04-15 12:15:00,965.0,42.71,辐照度稳定但功率大幅波动
2019-04-17 14:00:00,1048.0,36.43,辐照度稳定但功率大幅波动
2019-04-19 15:00:00,884.0,33.32,辐照度稳定但功率大幅波动
2019-04-21 14:30:00,1022.0,36.03,辐照度稳定但功率大幅波动
2019-04-21 14:45:00,1006.0,0.63,辐照度稳定但功率大幅波动
2019-04-21 15:00:00,1010.0,0.56,辐照度稳定但功率大幅波动
2019-04-21 15:15:00,993.0,0.57,辐照度稳定但功率大幅波动
2019-04-22 13:30:00,965.0,39.58,辐照度稳定但功率大幅波动
2019-04-22 13:45:00,970.0,40.14,辐照度稳定但功率大幅波动
2019-04-22 14:00:00,984.0,39.21,辐照度稳定但功率大幅波动
2019-05-10 08:45:00,206.0,13.36,辐照度稳定但功率大幅波动
2019-05-15 13:45:00,1046.0,27.7,辐照度稳定但功率大幅波动
2019-05-15 14:00:00,1044.0,27.84,辐照度稳定但功率大幅波动
2019-05-15 14:15:00,1031.0,26.55,辐照度稳定但功率大幅波动
2019-05-30 13:30:00,1040.0,35.43,辐照度稳定但功率大幅波动
2019-05-30 13:45:00,1057.0,21.75,辐照度稳定但功率大幅波动
2019-05-30 14:00:00,1074.0,19.87,辐照度稳定但功率大幅波动
2019-05-31 14:00:00,1108.0,28.48,辐照度稳定但功率大幅波动
2019-05-31 14:15:00,1108.0,26.49,辐照度稳定但功率大幅波动
2019-05-31 14:30:00,1083.0,26.13,辐照度稳定但功率大幅波动
2019-06-02 13:45:00,1076.0,25.25,辐照度稳定但功率大幅波动
2019-06-02 14:00:00,1089.0,23.75,辐照度稳定但功率大幅波动
2019-06-05 12:30:00,1044.0,39.81,辐照度稳定但功率大幅波动
2019-06-05 14:15:00,1107.0,34.8,辐照度稳定但功率大幅波动
2019-06-07 14:15:00,1137.0,16.06,辐照度稳定但功率大幅波动
2019-06-11 14:15:00,1070.0,28.09,辐照度稳定但功率大幅波动
2019-06-26 17:45:00,271.0,3.84,辐照度稳定但功率大幅波动
2019-06-28 14:00:00,1125.0,27.96,辐照度稳定但功率大幅波动
2019-06-28 14:15:00,1111.0,40.22,辐照度稳定但功率大幅波动
2019-06-29 14:00:00,1124.0,37.08,辐照度稳定但功率大幅波动
2019-07-06 18:15:00,206.0,8.86,辐照度稳定但功率大幅波动
2019-07-09 18:00:00,207.0,7.96,辐照度稳定但功率大幅波动
2019-07-13 14:00:00,1102.0,38.89,辐照度稳定但功率大幅波动
2019-07-13 14:30:00,1084.0,27.04,辐照度稳定但功率大幅波动
2019-07-21 16:00:00,900.0,23.62,辐照度稳定但功率大幅波动
2019-07-24 11:00:00,754.0,30.36,辐照度稳定但功率大幅波动
2019-07-24 15:00:00,1022.0,31.47,辐照度稳定但功率大幅波动
2019-07-25 14:45:00,1044.0,32.49,辐照度稳定但功率大幅波动
2019-07-28 14:45:00,1061.0,30.77,辐照度稳定但功率大幅波动
2019-07-28 15:00:00,1052.0,36.84,辐照度稳定但功率大幅波动
2019-08-04 13:15:00,1049.0,40.43,辐照度稳定但功率大幅波动
2019-08-04 13:30:00,1069.0,40.67,辐照度稳定但功率大幅波动
2019-08-08 14:00:00,1052.0,35.23,辐照度稳定但功率大幅波动
2019-08-08 14:15:00,1043.0,31.02,辐照度稳定但功率大幅波动
2019-08-08 14:30:00,1038.0,28.6,辐照度稳定但功率大幅波动
2019-08-08 14:45:00,1033.0,27.8,辐照度稳定但功率大幅波动
2019-08-08 15:00:00,1020.0,27.18,辐照度稳定但功率大幅波动
2019-08-16 14:15:00,1021.0,24.75,辐照度稳定但功率大幅波动
2019-08-16 14:30:00,1013.0,24.72,辐照度稳定但功率大幅波动
2019-08-16 14:45:00,1003.0,24.36,辐照度稳定但功率大幅波动
2019-08-19 13:45:00,975.0,36.78,辐照度稳定但功率大幅波动
2019-08-19 14:00:00,986.0,40.49,辐照度稳定但功率大幅波动
2019-08-19 14:15:00,998.0,40.5,辐照度稳定但功率大幅波动
2019-08-19 14:30:00,985.0,40.08,辐照度稳定但功率大幅波动
2019-08-19 15:00:00,978.5,21.19,辐照度稳定但功率大幅波动
2019-08-23 14:30:00,1040.0,38.77,辐照度稳定但功率大幅波动
2019-08-23 14:45:00,1023.0,32.01,辐照度稳定但功率大幅波动
2019-08-24 14:00:00,1006.0,34.69,辐照度稳定但功率大幅波动
2019-08-24 14:15:00,1006.0,36.55,辐照度稳定但功率大幅波动
2019-08-24 14:30:00,1020.0,39.53,辐照度稳定但功率大幅波动
2019-08-24 14:45:00,1015.0,39.8,辐照度稳定但功率大幅波动
2019-08-26 12:15:00,966.0,41.13,辐照度稳定但功率大幅波动
2019-08-28 14:30:00,1022.0,32.12,辐照度稳定但功率大幅波动
2019-08-30 12:15:00,919.0,37.38,辐照度稳定但功率大幅波动
2019-09-05 14:00:00,999.0,29.03,辐照度稳定但功率大幅波动
2019-09-05 14:15:00,1002.0,31.27,辐照度稳定但功率大幅波动
2019-09-05 14:30:00,995.0,32.4,辐照度稳定但功率大幅波动
2019-09-05 14:45:00,990.0,35.3,辐照度稳定但功率大幅波动
2019-09-05 15:00:00,973.0,35.96,辐照度稳定但功率大幅波动
2019-09-06 14:30:00,1003.0,37.55,辐照度稳定但功率大幅波动
2019-09-06 14:45:00,986.0,39.64,辐照度稳定但功率大幅波动
2019-09-10 12:15:00,963.0,41.61,辐照度稳定但功率大幅波动
2019-09-12 13:45:00,1062.0,34.7,辐照度稳定但功率大幅波动
2019-09-12 14:00:00,1055.0,32.7,辐照度稳定但功率大幅波动
2019-09-12 14:15:00,1051.0,31.79,辐照度稳定但功率大幅波动
2019-09-12 14:30:00,1061.0,30.6,辐照度稳定但功率大幅波动
2019-09-14 13:15:00,1038.0,42.62,辐照度稳定但功率大幅波动
2019-09-27 13:45:00,1020.0,13.08,辐照度稳定但功率大幅波动
2019-09-28 14:15:00,1008.0,25.95,辐照度稳定但功率大幅波动
2019-09-28 14:30:00,988.0,25.63,辐照度稳定但功率大幅波动
2019-09-28 14:45:00,977.0,23.41,辐照度稳定但功率大幅波动
2019-10-18 14:00:00,1032.0,21.44,辐照度稳定但功率大幅波动
2019-10-27 13:45:00,997.0,33.58,辐照度稳定但功率大幅波动
2019-10-29 13:45:00,1050.0,38.74,辐照度稳定但功率大幅波动
2019-11-08 13:45:00,1006.0,32.89,辐照度稳定但功率大幅波动
2019-11-08 14:00:00,977.0,27.77,辐照度稳定但功率大幅波动
2019-11-09 13:30:00,1040.0,20.76,辐照度稳定但功率大幅波动
2019-11-09 13:45:00,1023.0,20.61,辐照度稳定但功率大幅波动
2019-11-23 13:30:00,1001.0,29.96,辐照度稳定但功率大幅波动
2019-11-23 13:45:00,977.0,30.82,辐照度稳定但功率大幅波动
2019-11-24 13:30:00,1011.0,31.39,辐照度稳定但功率大幅波动
2019-11-24 13:45:00,989.0,28.64,辐照度稳定但功率大幅波动
2019-12-04 13:30:00,892.0,17.49,辐照度稳定但功率大幅波动
2019-12-04 13:45:00,877.0,18.55,辐照度稳定但功率大幅波动
2019-12-22 13:45:00,874.0,36.01,辐照度稳定但功率大幅波动
2019-12-22 14:00:00,858.0,36.41,辐照度稳定但功率大幅波动
2020-01-02 14:00:00,882.0,34.54,辐照度稳定但功率大幅波动
2020-01-02 14:15:00,874.0,37.61,辐照度稳定但功率大幅波动
2020-01-16 14:15:00,898.0,30.55,辐照度稳定但功率大幅波动
2020-01-18 14:15:00,967.0,26.73,辐照度稳定但功率大幅波动
2020-01-22 16:00:00,615.0,30.92,辐照度稳定但功率大幅波动
2020-01-23 12:45:00,639.0,31.22,辐照度稳定但功率大幅波动
2020-01-23 13:45:00,727.0,35.46,辐照度稳定但功率大幅波动
2020-01-23 14:45:00,788.0,37.69,辐照度稳定但功率大幅波动
2020-01-23 15:00:00,792.0,34.86,辐照度稳定但功率大幅波动
2020-01-23 15:15:00,779.0,33.7,辐照度稳定但功率大幅波动
2020-01-24 14:15:00,1063.0,36.2,辐照度稳定但功率大幅波动
2020-02-02 14:15:00,1048.0,14.71,辐照度稳定但功率大幅波动
2020-02-11 14:00:00,1098.0,41.86,辐照度稳定但功率大幅波动
2020-02-24 15:45:00,767.0,21.63,辐照度稳定但功率大幅波动
2020-02-29 13:45:00,1125.0,25.69,辐照度稳定但功率大幅波动
2020-02-29 14:00:00,1122.0,34.21,辐照度稳定但功率大幅波动
2020-02-29 14:15:00,1102.0,44.9,辐照度稳定但功率大幅波动
2020-03-10 15:15:00,1029.0,39.76,辐照度稳定但功率大幅波动
2020-03-12 13:45:00,1086.0,47.2,辐照度稳定但功率大幅波动
2020-03-17 15:00:00,1050.0,39.58,辐照度稳定但功率大幅波动
2020-03-19 14:00:00,1042.0,31.62,辐照度稳定但功率大幅波动
2020-03-19 14:15:00,1053.0,30.1,辐照度稳定但功率大幅波动
2020-03-19 14:30:00,1024.0,28.05,辐照度稳定但功率大幅波动
2020-03-19 14:45:00,1024.0,27.02,辐照度稳定但功率大幅波动
2020-03-21 12:15:00,824.0,34.1,辐照度稳定但功率大幅波动
2020-03-31 14:30:00,1099.0,28.21,辐照度稳定但功率大幅波动
2020-03-31 14:45:00,1085.0,26.13,辐照度稳定但功率大幅波动
2020-04-12 14:00:00,1080.0,43.14,辐照度稳定但功率大幅波动
2020-04-12 14:15:00,1079.0,42.28,辐照度稳定但功率大幅波动
2020-04-18 12:15:00,945.0,38.65,辐照度稳定但功率大幅波动
2020-04-19 13:30:00,1038.0,29.25,辐照度稳定但功率大幅波动
2020-04-19 14:15:00,1042.0,24.58,辐照度稳定但功率大幅波动
2020-04-19 14:30:00,1038.0,23.62,辐照度稳定但功率大幅波动
2020-04-19 14:45:00,1016.0,22.35,辐照度稳定但功率大幅波动
2020-05-03 13:45:00,1095.0,43.3,辐照度稳定但功率大幅波动
2020-05-05 10:00:00,370.0,16.71,辐照度稳定但功率大幅波动
2020-05-09 14:00:00,1083.0,14.73,辐照度稳定但功率大幅波动
2020-05-09 14:15:00,1080.0,11.4,辐照度稳定但功率大幅波动
2020-05-11 14:30:00,1102.0,7.48,辐照度稳定但功率大幅波动
2020-05-19 13:30:00,1119.0,37.46,辐照度稳定但功率大幅波动
2020-05-19 13:45:00,1123.0,41.66,辐照度稳定但功率大幅波动
2020-05-19 14:00:00,1111.0,41.39,辐照度稳定但功率大幅波动
2020-05-19 14:15:00,1095.0,40.96,辐照度稳定但功率大幅波动
2020-05-26 14:45:00,1090.0,32.64,辐照度稳定但功率大幅波动
2020-05-26 15:00:00,1086.0,34.22,辐照度稳定但功率大幅波动
2020-05-30 13:45:00,1108.0,42.92,辐照度稳定但功率大幅波动
2020-05-30 14:00:00,1091.0,42.45,辐照度稳定但功率大幅波动
2020-06-02 13:30:00,1073.0,28.02,辐照度稳定但功率大幅波动
2020-06-02 13:45:00,1076.0,24.64,辐照度稳定但功率大幅波动
2020-06-02 14:00:00,1078.0,20.85,辐照度稳定但功率大幅波动
2020-06-02 14:15:00,1068.0,20.55,辐照度稳定但功率大幅波动
2020-06-02 14:30:00,1057.0,21.03,辐照度稳定但功率大幅波动
2020-06-03 13:45:00,1059.0,26.88,辐照度稳定但功率大幅波动
2020-06-03 14:00:00,1057.0,25.23,辐照度稳定但功率大幅波动
2020-06-07 13:45:00,1062.0,37.68,辐照度稳定但功率大幅波动
2020-06-07 14:00:00,1061.0,37.65,辐照度稳定但功率大幅波动
2020-06-07 14:15:00,1032.0,30.3,辐照度稳定但功率大幅波动
2020-06-11 13:45:00,1120.0,38.06,辐照度稳定但功率大幅波动
2020-06-11 14:00:00,1107.0,40.17,辐照度稳定但功率大幅波动
2020-06-17 19:30:00,123.0,4.77,辐照度稳定但功率大幅波动
2020-06-18 14:00:00,1087.0,38.43,辐照度稳定但功率大幅波动
2020-06-28 14:30:00,1090.0,25.75,辐照度稳定但功率大幅波动
2020-07-03 14:30:00,1081.0,25.44,辐照度稳定但功率大幅波动
2020-07-08 14:00:00,1083.0,17.01,辐照度稳定但功率大幅波动
2020-07-09 13:45:00,1097.0,38.62,辐照度稳定但功率大幅波动
2020-07-13 13:45:00,479.0,19.56,辐照度稳定但功率大幅波动
2020-07-16 15:45:00,372.0,13.64,辐照度稳定但功率大幅波动
2020-07-20 19:15:00,152.0,5.93,辐照度稳定但功率大幅波动
2020-07-23 13:45:00,1064.0,38.12,辐照度稳定但功率大幅波动
2020-07-23 14:00:00,1063.0,38.44,辐照度稳定但功率大幅波动
2020-07-23 14:15:00,1069.0,38.63,辐照度稳定但功率大幅波动
2020-07-25 13:45:00,1087.0,20.51,辐照度稳定但功率大幅波动
2020-07-25 14:00:00,1084.0,17.33,辐照度稳定但功率大幅波动
2020-07-25 14:15:00,1077.0,16.78,辐照度稳定但功率大幅波动
2020-07-25 14:30:00,1055.0,16.46,辐照度稳定但功率大幅波动
2020-07-26 14:15:00,1042.0,23.53,辐照度稳定但功率大幅波动
2020-07-28 18:00:00,110.0,4.16,辐照度稳定但功率大幅波动
2020-07-31 14:15:00,1084.0,37.15,辐照度稳定但功率大幅波动
2020-07-31 14:30:00,1073.0,35.45,辐照度稳定但功率大幅波动
2020-08-08 15:30:00,1008.0,25.89,辐照度稳定但功率大幅波动
2020-08-15 14:45:00,1033.0,23.28,辐照度稳定但功率大幅波动
2020-08-15 15:00:00,1015.0,21.89,辐照度稳定但功率大幅波动
2020-08-19 13:45:00,1052.0,24.33,辐照度稳定但功率大幅波动
2020-08-22 14:30:00,1038.0,39.05,辐照度稳定但功率大幅波动
2020-08-22 14:45:00,1045.0,38.96,辐照度稳定但功率大幅波动
2020-08-23 14:30:00,1072.0,34.98,辐照度稳定但功率大幅波动
2020-08-23 14:45:00,1045.0,39.45,辐照度稳定但功率大幅波动
2020-08-27 14:45:00,1058.0,38.15,辐照度稳定但功率大幅波动
2020-08-27 15:00:00,1049.0,34.41,辐照度稳定但功率大幅波动
2020-08-27 15:15:00,1044.0,33.38,辐照度稳定但功率大幅波动
2020-08-27 15:30:00,1024.0,37.21,辐照度稳定但功率大幅波动
2020-08-28 12:00:00,306.0,14.52,辐照度稳定但功率大幅波动
2020-08-28 12:15:00,308.0,16.48,辐照度稳定但功率大幅波动
2020-08-30 14:15:00,1041.0,37.09,辐照度稳定但功率大幅波动
2020-08-30 15:15:00,1048.0,31.46,辐照度稳定但功率大幅波动
2020-08-30 15:30:00,1066.0,36.56,辐照度稳定但功率大幅波动
2020-09-07 12:30:00,274.0,15.63,辐照度稳定但功率大幅波动
2020-09-15 14:30:00,1099.0,39.76,辐照度稳定但功率大幅波动
2020-09-15 14:45:00,1101.0,40.73,辐照度稳定但功率大幅波动
2020-09-15 15:00:00,1092.0,38.48,辐照度稳定但功率大幅波动
2020-09-15 15:15:00,1072.0,35.97,辐照度稳定但功率大幅波动
2020-09-15 15:45:00,1076.0,33.59,辐照度稳定但功率大幅波动
2020-09-21 13:45:00,115.0,8.84,辐照度稳定但功率大幅波动
2020-09-25 14:45:00,949.0,26.71,辐照度稳定但功率大幅波动
2020-09-28 14:00:00,1034.0,41.87,辐照度稳定但功率大幅波动
2020-11-02 13:45:00,1038.0,19.73,辐照度稳定但功率大幅波动
2020-11-02 14:00:00,1018.0,15.92,辐照度稳定但功率大幅波动
2020-11-04 13:45:00,1044.0,10.24,辐照度稳定但功率大幅波动
2020-11-07 13:45:00,1066.0,24.79,辐照度稳定但功率大幅波动
2020-11-07 14:00:00,1048.0,21.25,辐照度稳定但功率大幅波动
2020-11-08 13:45:00,1096.0,27.73,辐照度稳定但功率大幅波动
2020-11-09 13:45:00,1076.0,17.82,辐照度稳定但功率大幅波动
2020-11-13 13:45:00,1043.0,19.51,辐照度稳定但功率大幅波动
2020-11-13 14:00:00,1026.0,15.56,辐照度稳定但功率大幅波动
2020-11-19 13:45:00,1004.0,21.14,辐照度稳定但功率大幅波动
2020-11-20 11:15:00,171.0,14.37,辐照度稳定但功率大幅波动
2020-11-22 13:45:00,1063.0,32.53,辐照度稳定但功率大幅波动
2020-11-27 13:45:00,945.0,39.63,辐照度稳定但功率大幅波动
2020-11-27 14:00:00,931.0,39.53,辐照度稳定但功率大幅波动
2020-12-12 14:15:00,945.0,20.95,辐照度稳定但功率大幅波动
2020-12-16 13:45:00,949.0,37.29,辐照度稳定但功率大幅波动
2020-12-16 14:00:00,943.0,35.75,辐照度稳定但功率大幅波动
2020-12-16 14:15:00,926.0,34.26,辐照度稳定但功率大幅波动
2020-12-25 13:45:00,826.0,29.41,辐照度稳定但功率大幅波动
2020-12-29 14:00:00,941.0,18.58,辐照度稳定但功率大幅波动
2020-12-29 14:15:00,931.0,17.43,辐照度稳定但功率大幅波动
2020-12-30 14:15:00,920.0,25.51,辐照度稳定但功率大幅波动
2020-12-30 14:30:00,920.0,27.35,辐照度稳定但功率大幅波动
2020-12-31 13:15:00,823.0,27.76,辐照度稳定但功率大幅波动
