weather_category,weather_desc,weather_name,total_samples,daytime_samples,negative_power_count,negative_power_pct,daytime_negative_count,daytime_negative_pct,low_power_daytime_count,low_power_daytime_pct,mean_power_change,std_power_change
0,Clear Sky (晴天),晴天,5997,3285,1955,32.599633149908286,100,3.0441400304414,0,0.0,-0.16014293813573452,33.68009650147554
1,Few clouds (少云),少云,820,492,247,30.121951219512194,11,2.2357723577235773,0,0.0,-0.8004528048780484,39.7621566006536
2,Scattered clouds (散云),散云,3456,1931,1150,33.27546296296296,72,3.728638011393061,2,0.10357327809425168,0.6510696180555556,35.66057030759345
3,Broken clouds (多云),多云,2253,1381,681,30.22636484687084,46,3.33091962346126,1,0.0724112961622013,-0.2913076786506881,34.794723232319065
4,Overcast clouds (阴天/雾),阴天,2966,1848,762,25.691166554281864,74,4.004329004329004,1,0.05411255411255411,0.33495681051921783,29.66661760264076
5,Drizzle (毛毛雨),毛毛雨,371,222,109,29.380053908355798,10,4.504504504504505,2,0.9009009009009009,-0.35987924528301907,35.83669561137737
6,Light rain (小雨),小雨,592,336,190,32.0945945945946,22,6.547619047619048,2,0.5952380952380952,-0.14399780405405438,29.460323870259593
7,Moderate rain (中雨),中雨,859,412,232,27.0081490104773,26,6.310679611650485,11,2.669902912621359,-0.4573388824214201,18.276283333425898
8,Heavy rain (大雨),大雨,35,16,7,20.0,1,6.25,1,6.25,1.4276657142857143,10.638901114775267
9,Thunderstorm (雷暴),雷暴,315,190,78,24.761904761904763,19,10.0,19,10.0,-1.2948133333333338,20.935718903276744
