weather_category,weather_desc,total_records,daytime_records,mean_power_kw,std_power_kw,max_power_kw,min_power_kw,mean_daytime_power_kw,negative_power_count,negative_power_pct,low_power_daytime_count,mean_ghi,mean_cloud_cover
0,Clear Sky (晴天),5997,3285,79.15208512589628,103.87522399554841,378.8131,-2.0563,144.77827424657536,1955,32.599633149908286,0,305.2764715691179,0.00416875104218776
1,Few clouds (少云),820,492,81.45332012195122,102.92528978226404,345.7414,-1.1908,135.97973678861788,247,30.121951219512194,0,345.82560975609755,12.96219512195122
2,Scattered clouds (散云),3456,1931,60.79180937499999,85.87922379584083,410.6656,-1.5103,109.11094577938891,1150,33.27546296296296,2,333.24971064814815,30.91059027777778
3,Broken clouds (多云),2253,1381,71.98500168664005,92.17740377039587,361.351,-1.4926,117.68877031136857,681,30.22636484687084,1,364.49667110519306,55.592987128273414
4,Overcast clouds (阴天/雾),2966,1848,52.870846257585974,73.52769186420392,374.0896,-1.9395,85.03059356060606,762,25.691166554281864,1,344.74275118004044,86.96190155091031
5,Drizzle (毛毛雨),371,222,39.734647978436655,67.56160987814224,356.8726,-1.1867,66.63025900900901,109,29.380053908355798,2,318.86253369272237,59.01617250673854
6,Light rain (小雨),592,336,29.06753445945946,54.513713988956404,388.306,-1.2297,51.43193541666667,190,32.0945945945946,2,280.41385135135135,90.61486486486487
7,Moderate rain (中雨),859,412,18.79743306169965,39.74300845249463,291.5661,-1.1475,39.34657427184466,232,27.0081490104773,11,263.2270081490105,100.0
8,Heavy rain (大雨),35,16,7.274828571428572,15.956513292172488,87.5336,-0.6448,15.931518749999999,7,20.0,1,225.68571428571428,100.0
9,Thunderstorm (雷暴),315,190,19.913644126984128,38.38956748176509,218.3378,-1.0516,33.08047736842106,78,24.761904761904763,19,305.73333333333335,97.05079365079365
