,temperature_c,apparent_temp,rh,wind_gust,solar_alt,ghi,dhi,dni,uv,atmosphere,wind_speed,wind_dir,cloud,visibility,power_kw
temperature_c,1.0,0.9566159466935461,-0.8425048629480859,0.26338396914570134,0.6011315986141758,0.5586964993003951,0.5955759319074982,0.5826095541836775,0.6296751437886636,-0.039934884607397816,0.04784739228161259,-0.000635872015331418,-0.24900961329707996,0.014049034664901844,0.2558229457042051
apparent_temp,0.9566159466935461,1.0,-0.7247410639419323,0.2786779370352368,0.5775232703227973,0.5396675803683082,0.5723199733969881,0.5605853084744689,0.5933129909511339,-0.0528365735478428,0.07046073811432106,-0.010253574796233497,-0.18467943414888774,0.015672298344844852,0.2700817171423762
rh,-0.8425048629480859,-0.7247410639419323,1.0,-0.22055402139659852,-0.5786182730565032,-0.533616877802143,-0.5701343650210423,-0.5569355273258991,-0.6086025255259059,-0.00886823663721522,-0.02358035314864353,-0.10857403250165086,0.2717794750916571,-0.012177493208639742,-0.2174671137317075
wind_gust,0.26338396914570134,0.2786779370352368,-0.22055402139659852,1.0,0.452030769856622,0.42879438995825525,0.4546585539744355,0.44938412607318917,0.42168686008020156,0.09301544086290466,0.8247773649208883,-0.1711901647606711,0.22671689428554115,-0.10466323088820281,0.2137437095867491
solar_alt,0.6011315986141758,0.5775232703227973,-0.5786182730565032,0.452030769856622,1.0,0.9396694014721418,0.9609869619208647,0.9520941492283161,0.9467048456531079,-0.00192736947870003,0.1574346610314399,0.029140167676983363,0.020405481593768062,-0.10666163480526035,0.4862519454159816
ghi,0.5586964993003951,0.5396675803683082,-0.533616877802143,0.42879438995825525,0.9396694014721418,1.0,0.9736838144077067,0.983173406889824,0.9590881483398339,-0.030230741946281878,0.13815507074241656,0.03888489415478877,0.010189609240146056,-0.10532456067229712,0.5154285678355299
dhi,0.5955759319074982,0.5723199733969881,-0.5701343650210423,0.4546585539744355,0.9609869619208647,0.9736838144077067,1.0,0.9975098763041387,0.970192612821625,-0.0133807189837967,0.1544726008403121,0.04921189497962672,0.008777376881264143,-0.1056764459827959,0.5337738074945353
dni,0.5826095541836775,0.5605853084744689,-0.5569355273258991,0.44938412607318917,0.9520941492283161,0.983173406889824,0.9975098763041387,1.0,0.9671561841003523,-0.017989245742678354,0.1514997777572067,0.04775321393101297,0.008729364675513685,-0.10580728044780609,0.5365273174745814
uv,0.6296751437886636,0.5933129909511339,-0.6086025255259059,0.42168686008020156,0.9467048456531079,0.9590881483398339,0.970192612821625,0.9671561841003523,1.0,-0.040350581264260096,0.12224863924836946,0.0765356500695343,-0.11742257165739736,-0.08950990044657091,0.5199344088539611
atmosphere,-0.039934884607397816,-0.0528365735478428,-0.00886823663721522,0.09301544086290466,-0.00192736947870003,-0.030230741946281878,-0.0133807189837967,-0.017989245742678354,-0.040350581264260096,1.0,0.1577852168213392,-0.27095687347042063,0.2896238086785092,0.035864001893563736,-0.03456642000714844
wind_speed,0.04784739228161259,0.07046073811432106,-0.02358035314864353,0.8247773649208883,0.1574346610314399,0.13815507074241656,0.1544726008403121,0.1514997777572067,0.12224863924836946,0.1577852168213392,1.0,-0.18095590449188376,0.22134309448098125,-0.09230955507111124,0.033055950166823146
wind_dir,-0.000635872015331418,-0.010253574796233497,-0.10857403250165086,-0.1711901647606711,0.029140167676983363,0.03888489415478877,0.04921189497962672,0.04775321393101297,0.0765356500695343,-0.27095687347042063,-0.18095590449188376,1.0,-0.271403218766579,0.01577756487525162,0.09831305210833145
cloud,-0.24900961329707996,-0.18467943414888774,0.2717794750916571,0.22671689428554115,0.020405481593768062,0.010189609240146056,0.008777376881264143,0.008729364675513685,-0.11742257165739736,0.2896238086785092,0.22134309448098125,-0.271403218766579,1.0,-0.08279811991583486,-0.056529357046981074
visibility,0.014049034664901844,0.015672298344844852,-0.012177493208639742,-0.10466323088820281,-0.10666163480526035,-0.10532456067229712,-0.1056764459827959,-0.10580728044780609,-0.08950990044657091,0.035864001893563736,-0.09230955507111124,0.01577756487525162,-0.08279811991583486,1.0,-0.02847692585648725
power_kw,0.2558229457042051,0.2700817171423762,-0.2174671137317075,0.2137437095867491,0.4862519454159816,0.5154285678355299,0.5337738074945353,0.5365273174745814,0.5199344088539611,-0.03456642000714844,0.033055950166823146,0.09831305210833145,-0.056529357046981074,-0.02847692585648725,1.0
